# Blender 4.4.0
# www.blender.org
mtllib monkey_lod2.mtl
o Suzanne
v 0.453778 0.143346 0.726434
v -0.453724 0.143403 0.726431
v 0.528282 0.070161 0.584198
v -0.528264 0.070148 0.584191
v -0.349736 -0.008365 0.621863
v 0.349736 -0.008365 0.621863
v 0.240938 0.164436 0.763690
v 0.173241 0.070055 0.647373
v -0.173318 0.069989 0.647312
v -0.096141 0.242748 0.658791
v 0.095832 0.243013 0.659034
v 0.250238 0.305830 0.776820
v -0.250437 0.306030 0.776891
v 0.173698 0.417850 0.645878
v -0.173775 0.417783 0.645818
v 0.351563 0.489583 0.615885
v -0.351563 0.489583 0.615885
v -0.352963 0.347165 0.765236
v 0.352839 0.347343 0.765393
v -0.463727 0.291527 0.736774
v 0.528739 0.417955 0.582704
v -0.528721 0.417943 0.582697
v 0.604537 0.243435 0.570397
v -0.604467 0.243385 0.570371
v 0.463959 0.291235 0.736803
v -0.240849 0.164395 0.763947
v 0.355470 0.165918 0.790867
v -0.355459 0.165949 0.790889
v 0.000000 -0.187500 0.796875
v -0.001502 0.837711 -0.468706
v 0.004121 0.504767 -0.743815
v -0.008138 -0.334422 -0.285735
v -0.246461 -0.220132 0.525380
v 0.268907 -0.432772 0.548705
v -0.275594 -0.457503 0.555038
v -0.283183 -0.859337 0.519880
v 0.290192 -0.816902 0.516502
v 0.548586 -0.044758 0.541550
v -0.532068 -0.060932 0.527317
v 0.755049 0.160323 0.422143
v 0.717776 0.419188 0.566180
v -0.732075 0.412765 0.560103
v 0.360314 0.671349 0.688514
v -0.374725 0.666581 0.695904
v 0.176154 0.660803 0.743796
v -0.177978 0.661602 0.743895
v -0.006495 0.486810 0.729269
v 0.178453 0.107919 0.748254
v -0.387822 0.035842 0.702153
v 0.403471 0.004370 0.679018
v 0.642847 0.132763 0.611391
v 0.551327 0.341653 0.693538
v -0.294024 0.451774 0.763249
v 0.325334 0.452367 0.760316
v 0.000000 -0.185059 0.756409
v 0.000000 -0.140625 0.742188
v 0.122908 -0.115909 0.762205
v -0.560999 0.043412 0.624081
v -0.621277 0.405618 0.689209
v 0.629008 0.398488 0.685109
v -0.266700 0.590627 0.805333
v 0.281184 0.587219 0.798362
v -0.013206 0.369378 0.810668
v -0.115627 -0.111139 0.769733
v 0.147188 -0.317685 0.715513
v 0.205574 -0.818478 0.652602
v -0.204530 -0.813271 0.652130
v 0.011998 -0.952169 0.586632
v -0.006625 0.078199 0.751586
v -0.182402 0.094879 0.749120
v -0.089043 -0.219242 0.794221
v 0.019884 -0.171711 0.808202
v 0.098966 -0.219522 0.793586
v -0.008692 -0.331925 0.765713
v -0.153620 -0.304816 0.710226
v -0.062232 -0.866119 0.678592
v 0.080954 -0.846759 0.687459
v 0.080111 -0.727747 0.715341
v -0.072610 -0.726654 0.711255
v 0.039679 -0.797788 0.675201
v -0.038163 -0.821812 0.667955
v -0.212308 0.153147 0.762729
v -0.413284 0.373877 0.744661
v -0.538556 0.352316 0.697758
v 0.532798 0.147066 0.685502
v -0.530041 0.210605 0.687928
v -0.460038 0.129813 0.706951
v -0.366509 0.097943 0.729029
v 0.189680 0.339427 0.776399
v -0.161518 0.298507 0.776367
v 0.297114 0.380312 0.770525
v 0.213362 0.291417 0.759971
v -0.210346 0.292796 0.758289
v 0.257679 0.124827 0.751719
v -0.257106 0.126389 0.750988
v 0.366407 0.098054 0.728980
v 0.460742 0.127704 0.702102
v 0.533352 0.208178 0.677735
v -0.523922 0.295253 0.697218
v 0.527521 0.292349 0.687842
v 0.415311 0.374872 0.743713
v -0.288689 0.378616 0.765682
v 0.209563 0.178586 0.752771
v -0.206158 0.185448 0.750968
v 0.104943 0.489293 0.614962
v -0.083879 0.536570 0.569595
v -0.256879 0.656059 0.627428
v 0.248604 0.649109 0.628778
v -0.424652 0.585746 0.470513
v -0.719720 0.404925 0.311629
v 0.728206 0.401813 0.340105
v -0.747126 0.154720 0.421255
v -0.457729 -0.114980 0.363478
v 0.539894 -0.058494 0.367894
v -0.007762 0.837826 0.255165
v 0.005629 0.937945 -0.068477
v -0.002969 -0.176288 -0.593573
v -0.017554 -0.774644 0.366068
v 0.801701 0.215947 0.115271
v -0.799115 0.220766 0.111667
v -0.820767 0.324936 -0.394116
v -0.453166 0.404753 -0.635383
v 0.686843 -0.032504 0.040733
v -0.707407 0.005826 0.024233
v 0.620304 -0.098586 -0.173007
v -0.616418 -0.106119 -0.170487
v 0.512399 0.037304 -0.495306
v -0.640159 0.001354 -0.391659
v -0.035209 0.089069 -0.740388
v 0.264250 -0.326965 0.342730
v -0.211099 -0.360157 0.267392
v -0.226405 -0.849696 0.410502
v -0.227423 -0.512683 0.392885
v 0.223664 -0.822817 0.400291
v 0.005546 -0.518431 0.259679
v 0.004092 -0.939867 0.448811
v 0.260483 -0.192214 0.538390
v 0.224667 -0.457473 0.240626
v 0.284200 -0.233912 -0.357709
v 0.425608 0.776081 -0.404977
v -0.431779 0.773139 -0.381428
v 0.432593 0.864830 -0.088506
v -0.447278 0.821880 0.087008
v 0.425783 0.774870 0.209991
v 0.414770 0.549641 0.475862
v 0.641316 0.495595 0.295831
v -0.738145 0.557361 0.066109
v 0.732321 0.552266 0.102915
v 0.736145 0.614041 -0.146345
v -0.747354 0.603590 -0.130232
v -0.697450 0.570268 -0.385814
v 0.693511 0.571873 -0.391142
v 0.473676 0.443605 -0.617435
v -0.353676 -0.042932 -0.556738
v 0.834213 0.315600 -0.182572
v 0.444149 -0.187878 -0.084404
v -0.338609 -0.235704 -0.164871
v -0.964295 0.419479 -0.299741
v -0.799008 -0.108869 -0.198301
v -1.040706 -0.049557 -0.329924
v -1.247879 0.076938 -0.433029
v -1.309365 0.289768 -0.456033
v -1.181647 0.434778 -0.399143
v 0.968584 0.423655 -0.303652
v -0.966092 0.352359 -0.279731
v 1.181077 0.436383 -0.398170
v 1.222179 0.249470 -0.429828
v 1.227941 0.086832 -0.421166
v 1.033176 -0.048076 -0.340110
v 0.800043 -0.086054 -0.196701
v -0.860294 -0.046700 -0.203131
v 0.966790 0.354421 -0.281930
v 0.867185 0.016669 -0.285894
v -1.023479 0.022262 -0.365526
v -1.167380 0.097657 -0.417335
v -1.218980 0.267688 -0.429145
v -1.140054 0.330041 -0.420409
v -0.984732 0.280287 -0.348143
v -0.833547 0.148710 -0.285040
v 0.837927 0.143754 -0.294862
v -0.740101 0.014416 -0.181330
v 0.735603 0.002567 -0.166039
v -0.830831 0.302600 -0.177015
v 0.991536 0.287600 -0.356611
v -0.871443 0.029364 -0.292099
v 1.139941 0.328702 -0.421030
v 1.163051 0.109556 -0.429446
v 1.034154 0.030841 -0.375385
v 1.050397 0.187322 -0.383668
v -1.071583 0.196071 -0.390177
v -1.172596 0.385993 -0.492317
v 1.175244 0.381832 -0.493620
v 1.307606 0.289938 -0.453929
v 1.258513 0.122769 -0.496812
v -1.263507 0.124107 -0.499843
v 1.059858 0.011399 -0.450097
v -1.061056 0.011816 -0.451736
v 0.806298 -0.022770 -0.357325
v -0.816229 -0.032570 -0.344546
v 0.818217 0.332899 -0.402885
v 0.535734 0.277117 0.666669
v 0.528835 0.191727 0.667274
v -0.528746 0.191770 0.667261
v 0.492228 0.102132 0.657126
v 0.584194 0.150497 0.573571
v -0.492210 0.102129 0.657121
v 0.445639 0.013273 0.602362
v -0.445637 0.013272 0.602361
v 0.351245 0.074469 0.730895
v -0.351215 0.074464 0.730947
v 0.288148 0.077293 0.715633
v -0.288048 0.077256 0.715816
v 0.202636 0.115061 0.708077
v -0.254784 0.013252 0.636619
v -0.202588 0.114979 0.708219
v -0.117059 0.150003 0.655415
v -0.167966 0.206482 0.730379
v 0.243282 0.238703 0.787952
v 0.172524 0.288313 0.731627
v 0.214131 0.373981 0.715762
v 0.116893 0.337223 0.655403
v -0.117116 0.337032 0.655228
v -0.214307 0.374077 0.715752
v 0.351834 0.421130 0.700800
v 0.256087 0.470851 0.632330
v -0.256097 0.470843 0.632322
v -0.351917 0.421008 0.700695
v -0.302262 0.341459 0.773921
v 0.302057 0.341488 0.773989
v 0.407748 0.333912 0.753659
v -0.407691 0.333920 0.753537
v 0.495932 0.366475 0.664221
v 0.446952 0.470864 0.598066
v -0.446950 0.470863 0.598065
v -0.495783 0.366645 0.664193
v 0.584251 0.337526 0.573385
v -0.535527 0.277328 0.666656
v -0.401888 0.140354 0.768271
v 0.408666 0.228203 0.783221
v 0.401939 0.140283 0.768268
v 0.300978 0.155402 0.786135
v -0.300905 0.155421 0.786336
v 0.305464 0.239633 0.803006
v -0.305575 0.239758 0.803079
v 0.354938 0.265068 0.794708
v -0.355028 0.264956 0.794596
v -0.408527 0.228379 0.783189
v 0.140823 -0.914623 0.621772
v -0.139119 -0.918687 0.618872
v -0.153714 -0.943222 0.555840
v 0.191190 -0.931345 0.549044
v 0.264197 -0.819746 0.596230
v 0.291275 -0.612382 0.535476
v 0.234091 -0.404919 0.626927
v 0.205214 -0.598312 0.674605
v -0.197414 -0.575376 0.677285
v -0.234367 -0.410030 0.626258
v -0.300672 -0.642586 0.549028
v 0.210497 -0.148779 0.656601
v 0.463083 -0.045096 0.614964
v -0.354436 -0.059172 0.678814
v -0.391678 -0.125076 0.544973
v -0.216178 -0.150876 0.651885
v 0.664906 0.037501 0.488091
v 0.717002 0.149898 0.532535
v -0.689323 0.110624 0.537772
v -0.645461 0.021559 0.489384
v 0.775437 0.294151 0.503808
v 0.681319 0.411477 0.637782
v 0.681443 0.273260 0.635275
v -0.657018 0.223429 0.636113
v -0.776248 0.288253 0.502500
v 0.559110 0.550340 0.631500
v 0.481000 0.514352 0.745093
v -0.590847 0.538647 0.618995
v -0.442853 0.530886 0.759927
v -0.318896 0.655481 0.770766
v 0.245705 0.707136 0.735337
v 0.193105 0.637864 0.787617
v -0.245683 0.707219 0.736718
v 0.096132 0.559660 0.741589
v 0.136511 0.489805 0.811667
v -0.136536 0.497092 0.815876
v -0.102882 0.562807 0.741194
v 0.306883 0.504297 0.783401
v -0.280878 0.517133 0.793417
v 0.441565 0.428056 0.732098
v 0.583834 0.380639 0.699124
v -0.590743 0.348723 0.688582
v 0.617802 0.244744 0.657285
v 0.540373 0.044509 0.637332
v -0.457575 0.019407 0.672803
v 0.273155 0.042294 0.723259
v 0.156327 0.001982 0.752576
v -0.154168 0.002496 0.756422
v -0.272250 0.049046 0.731108
v 0.062632 -0.020091 0.757429
v -0.057324 -0.018687 0.760033
v 0.115662 0.344388 0.794143
v 0.160019 0.226312 0.764983
v 0.006249 0.223763 0.780122
v -0.159617 0.189848 0.761554
v -0.022947 -0.913262 0.646455
v -0.139525 -0.867075 0.669040
v -0.150673 -0.737477 0.696021
v 0.153079 -0.761514 0.694835
v -0.048996 -0.531179 0.735558
v 0.116683 -0.237464 0.769868
v -0.096980 -0.177449 0.793690
v 0.048124 -0.114414 0.765405
v 0.022331 -0.151288 0.782746
v 0.000000 -0.166667 0.746908
v 0.000000 -0.190104 0.774251
v -0.034822 -0.151450 0.790546
v 0.002654 -0.165043 0.799930
v -0.039138 -0.152553 0.803900
v 0.064267 -0.263192 0.784175
v 0.071461 -0.199617 0.805721
v -0.046181 -0.199039 0.806531
v 0.001855 -0.048315 0.750401
v -0.130265 -0.190528 0.739840
v 0.247203 -0.306581 0.546195
v -0.249159 -0.328971 0.545735
v 0.094899 -0.810996 0.701570
v 0.025317 -0.867231 0.677583
v -0.046303 -0.840770 0.673926
v -0.000406 -0.816285 0.663323
v 0.059138 -0.823982 0.680193
v 0.058476 -0.776904 0.696444
v -0.004670 -0.769704 0.688595
v -0.058638 -0.796521 0.681289
v -0.214219 0.132334 0.754253
v -0.182000 0.220075 0.769911
v 0.217230 0.147467 0.746145
v 0.377396 0.061040 0.708749
v 0.284901 0.116848 0.737823
v -0.280599 0.110746 0.746320
v -0.365344 0.068882 0.717812
v -0.416363 0.105630 0.717612
v 0.583740 0.138109 0.655055
v -0.500230 0.167376 0.696004
v 0.568010 0.239007 0.679163
v -0.566031 0.274455 0.682006
v 0.375812 0.420092 0.748672
v 0.478191 0.375531 0.718921
v -0.473314 0.376292 0.720826
v -0.358279 0.420370 0.750855
v 0.301868 0.422527 0.765819
v 0.242817 0.380485 0.774069
v -0.277577 0.418482 0.766182
v 0.353620 0.390355 0.763167
v -0.347972 0.388476 0.760095
v 0.541615 0.311039 0.690071
v 0.479066 0.337938 0.714379
v -0.538886 0.322157 0.694806
v 0.540127 0.192989 0.683338
v 0.544564 0.249717 0.676069
v -0.540499 0.252719 0.686931
v 0.495857 0.136732 0.696901
v 0.502191 0.165032 0.688105
v 0.416431 0.104616 0.715646
v 0.309048 0.107185 0.742344
v 0.226120 0.145705 0.753573
v -0.223676 0.150618 0.752254
v 0.204515 0.319474 0.768127
v 0.247284 0.344766 0.767363
v -0.240982 0.343969 0.763777
v 0.202972 0.230983 0.754616
v -0.200253 0.235872 0.753166
v -0.199389 0.178267 0.761136
v 0.042678 0.481103 0.671827
v 0.195935 0.665365 0.687392
v -0.198845 0.586425 0.612249
v -0.201743 0.669886 0.686370
v 0.429521 0.606326 0.580710
v 0.321036 0.607150 0.569017
v -0.328726 0.618134 0.566607
v -0.429705 0.611156 0.578004
v -0.587381 0.522215 0.389273
v -0.719811 0.416961 0.463297
v 0.722590 0.415088 0.478254
v -0.770573 0.289867 0.356160
v -0.634989 0.024751 0.386680
v -0.504294 -0.078814 0.482776
v 0.543289 -0.053337 0.482199
v 0.129371 -0.486234 0.209942
v -0.119751 -0.432325 0.214333
v -0.114710 -0.508015 0.331835
v 0.124138 -0.819711 0.378957
v 0.005786 -0.653840 0.338793
v 0.139616 -0.678612 0.345425
v -0.129513 -0.646204 0.363086
v 0.157034 -0.916148 0.435686
v 0.034972 -0.958849 0.511339
v 0.271076 -0.858603 0.456884
v -0.136234 -0.916541 0.424878
v 0.274048 -0.648120 0.414476
v 0.233281 -0.667952 0.359472
v -0.251952 -0.719502 0.399063
v -0.297956 -0.690292 0.458858
v -0.140180 -0.820038 0.382926
v 0.251395 -0.399938 0.305871
v 0.261940 -0.399693 0.458528
v 0.269852 -0.255857 0.414778
v -0.341279 -0.171169 0.463583
v 0.236959 0.071251 -0.663732
v 0.160246 -0.195682 -0.532779
v -0.172312 -0.139790 -0.585486
v -0.017324 -0.260943 -0.473557
v -0.166176 -0.305345 -0.249272
v -0.000578 -0.406633 -0.022799
v 0.245515 -0.333510 -0.067051
v -0.249863 -0.318553 0.056126
v 0.781212 0.180154 0.256544
v 0.635235 -0.029766 0.207644
v 0.762851 0.095082 0.083306
v -0.764310 0.110383 0.085395
v -0.601055 -0.049038 0.179230
v -0.773937 0.179636 0.251127
v 0.009876 0.301241 -0.773119
v 0.233237 0.477320 -0.704416
v -0.241845 0.233553 -0.732635
v -0.215522 0.491750 -0.718431
v 0.014497 0.917960 0.101562
v 0.215044 0.821884 0.247240
v 0.431900 0.842923 0.066001
v 0.224700 0.923589 -0.082123
v -0.208564 0.917234 -0.017566
v -0.217977 0.841130 0.218078
v -0.000919 0.915360 -0.267592
v 0.431050 0.847192 -0.247970
v 0.223347 0.823604 -0.448480
v -0.227873 0.821748 -0.431937
v -0.439733 0.835445 -0.176924
v -0.001617 0.693241 -0.636568
v 0.423945 0.639064 -0.543877
v -0.431488 0.638004 -0.538424
v 0.672428 0.457634 0.313431
v 0.752906 0.454211 0.192396
v -0.718789 0.488069 0.176097
v 0.735310 0.606550 -0.027765
v -0.753182 0.593672 -0.028999
v 0.728703 0.602302 -0.267851
v -0.732726 0.596945 -0.253949
v 0.759517 0.459504 -0.393425
v 0.646129 0.369671 -0.526306
v -0.646984 0.341120 -0.515131
v -0.761924 0.457346 -0.390880
v 0.585808 0.690169 -0.384040
v -0.590967 0.687481 -0.368144
v 0.609661 0.752796 -0.112284
v -0.638277 0.726328 -0.053629
v 0.598828 0.682406 0.155190
v 0.414515 0.660532 0.340036
v 0.571716 0.518635 0.348836
v -0.444221 0.679290 0.304863
v -0.043101 0.693231 0.407645
v 0.164990 0.554153 0.506109
v -0.272687 0.588299 0.498911
v 0.026309 0.472170 0.607746
v 0.790765 0.315567 0.197487
v -0.782285 0.317305 0.179403
v 0.811083 0.257126 -0.018209
v 0.799574 0.440270 -0.022485
v -0.797768 0.440001 -0.028538
v -0.813925 0.266823 -0.011991
v 0.801371 0.476949 -0.173385
v -0.803549 0.473013 -0.170877
v -0.834425 0.374272 -0.284257
v 0.311382 -0.306759 0.054704
v -0.410720 -0.187500 0.096608
v -0.309332 -0.248267 0.310389
v 0.645607 -0.085792 -0.071801
v 0.579922 -0.114115 -0.000962
v 0.544672 -0.128421 -0.166898
v -0.493965 -0.151577 -0.177043
v -0.631555 -0.080986 -0.049676
v 0.475198 -0.134469 0.181542
v 0.391572 -0.133432 0.435562
v 0.327138 -0.258716 0.179649
v 0.669358 0.187093 -0.473373
v -0.433784 0.158054 -0.610834
v -0.525784 -0.002882 -0.459395
v -0.701008 0.140552 -0.426569
v -0.211632 0.011466 -0.680383
v 0.585269 -0.063803 -0.310738
v -0.350445 -0.164246 -0.396320
v -0.609345 -0.084254 -0.298360
v 0.371535 -0.103674 -0.476813
v 0.968997 0.403386 -0.271794
v 1.070742 0.412923 -0.334203
v -1.070198 0.410229 -0.333188
v -1.072958 0.448929 -0.344304
v 1.226110 0.356317 -0.421989
v 1.278130 0.276502 -0.432840
v -1.274896 0.273782 -0.435095
v -1.226274 0.358018 -0.422809
v -1.267972 0.386772 -0.436608
v 1.241909 0.165019 -0.426677
v -1.220588 0.091084 -0.421824
v -1.297102 0.170334 -0.446857
v 1.137414 0.003363 -0.391609
v -1.164928 0.005060 -0.400044
v 0.921264 -0.076416 -0.269548
v -0.815495 -0.084777 -0.172465
v -0.906644 -0.095739 -0.248694
v 1.031523 -0.017171 -0.347358
v 0.952675 0.013605 -0.329913
v 0.844241 -0.045052 -0.229668
v -0.944655 -0.021918 -0.284426
v -1.037713 -0.018214 -0.346465
v 1.189155 0.082404 -0.421364
v -1.101688 0.057402 -0.402914
v -1.209542 0.181373 -0.428004
v 1.159180 0.384436 -0.408702
v -1.185536 0.309006 -0.431797
v -1.159007 0.383506 -0.408684
v 0.987624 0.326288 -0.326838
v -1.068513 0.324164 -0.386976
v -0.983712 0.323004 -0.321062
v 0.723638 0.003004 -0.064722
v 0.678425 -0.067234 -0.140310
v -0.720163 0.006709 -0.089105
v -0.685898 -0.060538 -0.147941
v 0.695943 -0.092874 -0.191519
v 0.750718 -0.059225 -0.167821
v -0.777204 -0.034513 -0.181136
v -0.705994 -0.104271 -0.187859
v 0.891089 0.372009 -0.248873
v -0.897588 0.323979 -0.237796
v -0.887765 0.367945 -0.245440
v -0.793688 0.010283 -0.238349
v 0.775311 0.070498 -0.237587
v -0.778033 0.077869 -0.244169
v 0.779822 0.136348 -0.158655
v -0.774667 0.130413 -0.176047
v -0.825455 0.204174 -0.242138
v 0.892534 0.255137 -0.283674
v -0.892738 0.253981 -0.280483
v 0.839018 0.065373 -0.293952
v 1.071887 0.325478 -0.391697
v 1.196850 0.165365 -0.433573
v 1.108099 0.061711 -0.410779
v 0.926031 0.156903 -0.340139
v -0.959886 0.112387 -0.345245
v 1.010510 0.248528 -0.372238
v 0.947837 0.093107 -0.339623
v -1.048610 0.100004 -0.387310
v 1.124494 0.145696 -0.417559
v 1.152100 0.224557 -0.417361
v -1.157564 0.232609 -0.417087
v -1.113756 0.278332 -0.412860
v 1.039551 -0.052889 -0.385723
v 0.798269 -0.087938 -0.275334
v 0.933922 -0.013783 -0.391869
v -0.934028 -0.016214 -0.391060
v -0.800182 -0.102344 -0.268961
v -1.044576 -0.054795 -0.388856
v 1.245441 0.072759 -0.455219
v 1.171420 0.049440 -0.486440
v -1.175244 0.050488 -0.489078
v -1.260813 0.072113 -0.464473
v 1.306096 0.203417 -0.483565
v -1.310359 0.204883 -0.486113
v 1.196457 0.451151 -0.445671
v 1.278504 0.360921 -0.487708
v 1.064726 0.442707 -0.400920
v -1.060617 0.442325 -0.397857
v 0.999082 0.337732 -0.438560
v -0.996824 0.338691 -0.435349
v -0.908891 0.389965 -0.333221
v 1.104437 0.173178 -0.491077
v 0.828040 0.126496 -0.401899
v -1.103086 0.176006 -0.490513
v 1.246031 0.235564 -0.518713
v 0.684570 -0.002368 -0.389600
v -0.724558 -0.025350 -0.347656
v -0.462064 0.217881 0.748241
v -0.584143 0.150461 0.573552
v -0.407048 0.064300 0.694918
v 0.407055 0.064294 0.694917
v 0.254774 0.013260 0.636626
v 0.116836 0.150194 0.655589
v 0.167866 0.206612 0.730314
v -0.243335 0.238828 0.788160
v -0.172778 0.288354 0.731600
v -0.584200 0.337490 0.573366
v 0.462247 0.217644 0.748243
v -0.259663 -0.827060 0.596867
v -0.539688 -0.032900 0.573361
v 0.615081 0.027661 0.568656
v -0.711271 0.392516 0.625403
v -0.523094 0.551779 0.705522
v 0.343551 0.648653 0.757152
v -0.191113 0.636435 0.789562
v -0.003069 0.467182 0.788197
v -0.151677 0.420446 0.798290
v -0.472073 0.445446 0.732021
v -0.558689 0.136671 0.660334
v 0.269618 -0.060640 0.704692
v -0.275276 -0.030225 0.729348
v -0.093763 0.317825 0.793006
v -0.084201 0.202316 0.765476
v 0.090940 0.109388 0.755746
v -0.101195 0.092129 0.750966
v 0.133097 -0.861480 0.675411
v 0.101256 -0.545339 0.723894
v -0.114580 -0.237854 0.769463
v 0.110846 -0.180011 0.790662
v 0.069100 -0.150832 0.795631
v 0.000000 -0.164063 0.769531
v 0.063036 -0.348674 0.750958
v -0.093824 -0.357557 0.744000
v -0.061105 -0.263982 0.783882
v 0.009966 -0.241366 0.795289
v -0.037520 -0.113966 0.765929
v 0.136997 -0.191781 0.738505
v 0.189547 -0.232091 0.638839
v -0.187438 -0.238204 0.635093
v -0.097617 -0.812761 0.695459
v 0.009101 -0.684947 0.722273
v -0.435181 0.085385 0.702152
v 0.485518 0.071989 0.680892
v -0.480141 0.104135 0.684805
v -0.446995 0.412237 0.723985
v 0.237263 0.424233 0.777883
v -0.200735 0.390593 0.777257
v -0.223584 0.362056 0.772447
v -0.477085 0.339052 0.720019
v 0.454966 0.104773 0.705337
v -0.309032 0.107029 0.741855
v -0.232671 0.135313 0.758861
v -0.192548 0.295979 0.768288
v 0.194644 0.252533 0.762820
v -0.066788 0.494856 0.666830
v -0.295957 0.693543 0.656971
v 0.294128 0.692139 0.656518
v 0.776516 0.287619 0.373296
v 0.668661 0.044083 0.386485
v 0.016730 -0.882883 0.399238
v -0.149635 -0.941954 0.486165
v -0.277654 -0.870911 0.452336
v -0.195028 -0.416793 0.341220
v -0.275807 -0.476490 0.483168
v -0.235162 -0.351865 0.444697
v 0.393118 -0.113728 0.552195
v 0.010938 -0.074666 -0.676856
v 0.138414 -0.312602 -0.311915
v -0.232907 -0.296450 0.399030
v 0.672964 0.529450 0.229039
v 0.612963 0.519642 -0.510162
v -0.620496 0.517159 -0.507075
v -0.632137 0.679317 0.117073
v 0.595721 0.481901 0.433239
v 0.178740 0.565310 0.619595
v 0.220926 0.509843 0.557467
v 0.460093 0.253103 -0.617605
v 0.483590 -0.098576 -0.325501
v 0.381704 -0.212441 -0.245494
v -0.966735 0.399717 -0.269179
v 1.075027 0.452386 -0.345851
v 1.267393 0.386165 -0.435662
v -1.125155 0.018042 -0.385057
v -0.939554 -0.059950 -0.245898
v 1.184758 0.304969 -0.431234
v 0.898023 0.326124 -0.239420
v -0.856667 -0.016587 -0.240891
v 0.787579 -0.003335 -0.227443
v -0.844038 0.081754 -0.296743
v 0.824230 0.203400 -0.241807
v -0.779986 0.132359 -0.067654
v 0.914966 0.225289 -0.330257
v -0.905033 0.209758 -0.319759
v -0.948968 0.023133 -0.331342
v -1.007537 0.237571 -0.366058
v 1.041343 0.094847 -0.385841
v -1.131036 0.150148 -0.411647
v 1.109385 0.273700 -0.412046
v 1.288825 0.178607 -0.438282
v -1.277606 0.364530 -0.487507
v -1.195251 0.452460 -0.445569
v 0.912534 0.393205 -0.337740
v -1.245242 0.239029 -0.518512
v 0.835757 0.377431 -0.286885
v -0.838100 0.119140 -0.388413
v 0.511323 0.230938 0.699248
v -0.511145 0.231124 0.699239
v 0.446290 0.056459 0.656209
v -0.446286 0.056460 0.656208
v 0.315597 0.095652 0.746478
v -0.315511 0.095628 0.746638
v 0.158208 0.158716 0.703198
v 0.191898 0.248422 0.756020
v -0.192044 0.248442 0.756116
v -0.164236 0.334963 0.704503
v 0.544431 0.328366 0.636411
v 0.422730 0.194951 0.776890
v -0.422587 0.195150 0.776888
v 0.285789 0.212622 0.802113
v -0.285802 0.212750 0.802312
v 0.321298 0.279009 0.798424
v -0.321471 0.278983 0.798369
v 0.390656 0.272230 0.784815
v -0.390611 0.272236 0.784708
v 0.209584 -0.911942 0.589390
v -0.429780 0.586092 0.750905
v 0.250183 0.687095 0.770762
v -0.179549 0.482212 0.809586
v -0.407013 0.501240 0.764039
v 0.231621 -0.008901 0.732518
v -0.361419 -0.030702 0.698016
v 0.098892 0.026390 0.755907
v -0.097891 0.022594 0.756854
v -0.116092 0.165245 0.756445
v -0.105034 -0.908018 0.645270
v 0.134223 -0.824838 0.693065
v 0.157089 -0.630823 0.702066
v 0.124645 -0.199652 0.772361
v -0.117248 -0.198290 0.774042
v 0.046827 -0.140634 0.782129
v 0.000000 -0.174154 0.763224
v -0.027974 -0.146420 0.776290
v -0.090374 -0.275942 0.767450
v 0.279610 0.409145 0.712701
v 0.050735 -0.236854 0.797319
v -0.033262 -0.236961 0.797337
v 0.037211 -0.061906 0.755807
v -0.030544 -0.059877 0.757749
v 0.223036 -0.298667 0.607737
v -0.073471 -0.817452 0.684840
v 0.020438 -0.753010 0.703148
v -0.022689 -0.792723 0.673260
v 0.441769 0.074558 0.698916
v -0.408896 0.078505 0.710844
v -0.469708 0.116409 0.694605
v 0.594808 0.206928 0.662369
v -0.420313 0.408015 0.732980
v 0.261447 0.412359 0.771681
v -0.322551 0.416745 0.760646
v 0.506703 0.344974 0.706379
v -0.552200 0.287035 0.686575
v 0.517164 0.161584 0.688845
v 0.273436 0.123898 0.745055
v -0.213571 0.151186 0.758953
v 0.227876 0.351985 0.771341
v -0.215405 0.336637 0.769392
v 0.197685 0.272609 0.762613
v -0.012553 0.461468 0.652928
v 0.244193 0.707690 0.696020
v -0.347938 0.651596 0.602208
v 0.776357 0.327493 0.451184
v -0.143111 -0.454039 0.308080
v 0.099332 -0.726620 0.354595
v -0.080747 -0.591660 0.344135
v -0.199675 -0.926276 0.455086
v 0.276654 -0.738843 0.411233
v -0.295237 -0.765021 0.434699
v 0.168244 -0.608832 0.322940
v -0.086921 -0.884338 0.398659
v 0.253216 -0.317299 0.479446
v -0.410412 -0.127117 0.501316
v -0.131630 -0.074758 -0.667844
v 0.106005 -0.264778 -0.464183
v 0.681388 0.448273 -0.488463
v -0.679142 0.684146 0.019292
v 0.250717 0.557420 0.572667
v -0.273850 0.584351 0.561175
v 0.134144 0.494171 0.561557
v -0.782944 0.263747 0.261413
v 0.791744 0.504027 -0.079111
v -0.795699 0.500016 -0.079912
v 0.320198 -0.285441 -0.089969
v 0.590321 -0.118363 -0.080332
v 0.566374 -0.096266 0.126344
v 0.288915 -0.318346 0.174257
v -0.285809 -0.237265 0.404882
v 0.601342 0.270031 -0.543164
v -0.299673 0.128936 -0.683822
v 0.530280 -0.094914 -0.276469
v -1.263377 0.345680 -0.428166
v 1.274702 0.205934 -0.429927
v -0.888413 -0.084406 -0.208461
v -1.091241 0.014044 -0.383490
v 1.197837 0.355520 -0.425734
v 0.680746 -0.056597 -0.089662
v -0.678789 -0.050455 -0.096782
v 0.704014 -0.078901 -0.158073
v -0.797201 0.167621 -0.014146
v 0.916635 0.371508 -0.243431
v -0.914390 0.368341 -0.240799
v 0.790213 -0.039364 -0.200228
v -0.805299 -0.014988 -0.214309
v -0.786658 0.137586 -0.225675
v -0.871520 0.261234 -0.253211
v -0.759352 0.089508 -0.109578
v 0.922047 0.266152 -0.311137
v 0.902510 0.104218 -0.326293
v 0.945202 0.208202 -0.348683
v 0.981363 0.069085 -0.355460
v -0.987496 0.076801 -0.359604
v 1.093724 0.101926 -0.410363
v 1.160278 0.181467 -0.424182
v 1.152233 0.266821 -0.422707
v -1.156188 0.272747 -0.424013
v 1.066083 0.285097 -0.396366
v -1.065481 0.285310 -0.393019
v -1.305600 0.144580 -0.467247
v 1.257731 0.414921 -0.461140
v 1.116846 0.461439 -0.399928
v -0.989921 0.409366 -0.392982
v 1.184284 0.151645 -0.513454
v -1.183859 0.154354 -0.513497
v 1.290322 0.275797 -0.504087
v -1.290004 0.279158 -0.504035
v -0.868585 0.369264 -0.281279
v 0.722811 0.097031 -0.420164
v -0.754286 0.075568 -0.384314
v 0.537759 0.148098 0.636826
v -0.537716 0.148084 0.636813
v 0.384073 0.084826 0.734657
v -0.384060 0.084836 0.734664
v 0.249123 0.066975 0.691055
v -0.249046 0.066936 0.691197
v -0.158279 0.158562 0.703231
v 0.163998 0.334937 0.704571
v -0.279748 0.409121 0.712650
v 0.426944 0.404420 0.685366
v -0.426908 0.404422 0.685285
v 0.263485 -0.615985 0.615556
v -0.544264 0.328529 0.636398
v -0.196708 -0.917626 0.590002
v -0.262512 -0.620831 0.617014
v 0.330058 -0.099342 0.632527
v -0.370875 -0.097104 0.615686
v 0.736930 0.274942 0.575615
v 0.546336 0.004019 0.607600
v 0.675368 0.064521 0.524749
v -0.642415 0.028434 0.529540
v -0.730262 0.245812 0.576407
v 0.522967 0.545706 0.705324
v 0.102475 0.533299 0.790324
v -0.621358 0.505896 0.658917
v -0.244927 0.686951 0.774037
v -0.104867 0.532996 0.791491
v 0.190561 0.450350 0.798818
v 0.456349 0.468547 0.745059
v -0.603213 0.242169 0.667109
v -0.513533 0.406080 0.712148
v 0.638918 0.295755 0.664519
v 0.090941 0.224276 0.773695
v -0.506062 0.080050 0.668394
v -0.229999 0.001585 0.741531
v -0.145620 0.376841 0.790461
v 0.072640 -0.896329 0.657736
v -0.056104 0.245392 0.781370
v -0.126088 -0.548815 0.716221
v -0.139489 -0.818733 0.689543
v 0.028081 -0.519780 0.737187
v 0.009496 -0.841505 0.671009
v 0.009498 -0.161280 0.785781
v 0.085859 -0.273505 0.768888
v -0.021834 -0.155244 0.801354
v 0.087538 -0.172832 0.802544
v -0.062307 -0.170933 0.805657
v -0.223087 -0.306619 0.605137
v 0.165656 -0.185988 0.680160
v -0.161678 -0.188353 0.678856
v 0.289379 0.088122 0.727285
v 0.075841 -0.804121 0.693822
v -0.182643 0.186206 0.764628
v 0.189832 0.212780 0.758801
v -0.286316 0.087582 0.735754
v 0.553244 0.251227 0.681755
v 0.540089 0.080729 0.658142
v 0.431176 0.409642 0.732012
v -0.234682 0.396167 0.771747
v 0.340221 0.417197 0.760273
v -0.504782 0.347535 0.710127
v -0.188943 0.234090 0.764659
v 0.459809 0.116414 0.706647
v -0.270608 0.118354 0.751381
v 0.121776 0.568273 0.681071
v -0.137790 0.580650 0.678156
v 0.583489 0.518871 0.532739
v -0.245653 0.708815 0.695973
v 0.347040 0.648663 0.602315
v -0.583006 0.523433 0.519945
v 0.180240 -0.934931 0.490996
v -0.773827 0.329383 0.439777
v 0.631335 0.008076 0.461201
v -0.600813 -0.010358 0.462577
v 0.114737 -0.883631 0.402051
v -0.092814 -0.956216 0.519167
v 0.269659 -0.521749 0.434668
v -0.182359 -0.724913 0.377155
v 0.207371 -0.082562 -0.604243
v -0.300024 -0.607237 0.493599
v -0.256048 -0.372804 0.489561
v 0.441655 -0.102620 0.498527
v -0.182656 -0.224203 -0.446068
v 0.131190 -0.383899 -0.045233
v -0.133863 -0.378063 -0.003379
v 0.721362 0.072644 0.242452
v -0.217831 -0.354827 0.392128
v -0.700524 0.063667 0.238064
v 0.240006 0.268429 -0.713399
v 0.224830 0.900187 0.089504
v -0.161446 0.340336 -0.766309
v 0.223740 0.902790 -0.266278
v -0.149584 0.911433 0.107609
v -0.227481 0.896256 -0.221213
v 0.224708 0.673972 -0.606977
v -0.229404 0.676372 -0.603392
v 0.604825 0.739237 -0.250498
v 0.709432 0.478629 0.245521
v -0.687520 0.443546 -0.483407
v 0.551370 0.617974 -0.488385
v -0.559601 0.617743 -0.482650
v -0.613210 0.729143 -0.205339
v 0.608860 0.735654 0.024685
v 0.574838 0.600376 0.270059
v -0.601978 0.597729 0.249857
v 0.193912 0.686900 0.390781
v 0.611504 0.472299 0.369047
v -0.256305 0.701328 0.368079
v 0.796884 0.374352 0.082347
v 0.789363 0.262025 0.276996
v -0.788704 0.378607 0.070790
v 0.796722 0.470006 -0.281544
v -0.797497 0.467224 -0.279501
v -0.530667 -0.125732 0.019379
v -0.323794 -0.254473 0.156930
v 0.356720 -0.191593 0.298685
v -0.584119 0.166001 -0.512107
v -0.494739 -0.110440 -0.344262
v -1.260552 0.179205 -0.434644
v 0.428977 -0.133984 -0.362422
v 1.038108 0.430567 -0.309765
v -1.036730 0.426808 -0.308242
v 1.263436 0.345315 -0.427252
v 0.933360 -0.039847 -0.286341
v -1.171879 0.031224 -0.398253
v 1.122102 0.025253 -0.393883
v -0.976886 -0.036043 -0.291810
v 1.078687 0.373540 -0.367397
v 1.216171 0.135414 -0.430526
v -1.198176 0.356552 -0.426490
v -1.076266 0.371320 -0.364276
v -0.737095 -0.074992 -0.162403
v 0.777748 0.120748 -0.051366
v -0.923225 0.157706 -0.332801
v 0.791184 0.036044 -0.255100
v -0.794635 0.044671 -0.261925
v 0.785462 0.133739 -0.218887
v 0.870349 0.261943 -0.254343
v -0.918725 0.261732 -0.304970
v -0.914402 -0.010328 -0.284432
v 0.919066 -0.082564 -0.319764
v -1.098504 0.105516 -0.406054
v -1.165954 0.188646 -0.418649
v -0.916310 -0.090424 -0.319528
v 1.153516 -0.000614 -0.432504
v -1.166698 -0.000562 -0.439949
v 0.970059 0.156236 -0.437036
v 1.293588 0.145416 -0.459655
v -1.257335 0.417185 -0.461489
v -1.114176 0.460488 -0.398346
v 0.993906 0.410055 -0.396797
v -0.969817 0.156716 -0.434476
v 0.683480 -0.071912 -0.289641
v 0.871758 0.372782 -0.284965
v -0.703445 -0.091699 -0.267354
vn 0.6983 0.1078 0.7076
vn 0.7043 -0.2574 0.6616
vn 0.8115 -0.0614 0.5811
vn -0.7042 -0.2557 0.6623
vn -0.6982 0.1084 0.7077
vn -0.8112 -0.0602 0.5817
vn 0.5310 -0.5599 0.6361
vn 0.3179 -0.7680 0.5559
vn 0.5708 -0.6264 0.5308
vn -0.3179 -0.7680 0.5560
vn -0.5310 -0.5595 0.6364
vn -0.5709 -0.6264 0.5308
vn 0.0357 -0.5482 0.8356
vn -0.3748 -0.5865 0.7180
vn -0.1802 -0.7789 0.6008
vn 0.3738 -0.5867 0.7184
vn -0.0386 -0.5478 0.8357
vn 0.1783 -0.7794 0.6006
vn -0.7320 -0.2004 0.6512
vn -0.5917 -0.4990 0.6332
vn -0.5274 -0.3844 0.7577
vn -0.5262 -0.2325 0.8180
vn -0.5103 0.2170 0.8322
vn -0.7110 0.0292 0.7026
vn 0.5118 0.2194 0.8306
vn 0.5279 -0.2304 0.8175
vn 0.7129 0.0314 0.7006
vn 0.5121 0.3896 0.7655
vn 0.7230 0.2072 0.6590
vn 0.5861 0.5123 0.6277
vn 0.8264 0.1668 0.5378
vn 0.7076 0.4504 0.5445
vn 0.6779 0.3201 0.6618
vn 0.2746 -0.1816 0.9442
vn 0.6340 -0.3109 0.7081
vn 0.5580 0.1039 0.8233
vn -0.5579 0.1045 0.8233
vn -0.6343 -0.3093 0.7086
vn -0.2756 -0.1808 0.9441
vn 0.0257 -0.1976 0.9799
vn -0.2343 0.1704 0.9571
vn -0.4108 -0.3033 0.8598
vn 0.4100 -0.3018 0.8607
vn 0.2320 0.1729 0.9572
vn -0.0289 -0.1962 0.9801
vn 0.1723 -0.0138 0.9850
vn 0.1685 0.3649 0.9157
vn -0.1883 0.2632 0.9462
vn 0.1851 0.2653 0.9462
vn -0.1714 0.3655 0.9149
vn -0.1752 -0.0125 0.9844
vn 0.2018 -0.0110 0.9794
vn 0.4879 0.2390 0.8395
vn 0.2402 0.3546 0.9037
vn -0.2395 0.3551 0.9036
vn -0.4872 0.2398 0.8397
vn -0.2021 -0.0099 0.9793
vn 0.5089 -0.4672 0.7230
vn 0.1831 -0.9228 0.3390
vn 0.8034 -0.5809 0.1310
vn -0.3137 0.2320 0.9207
vn -0.5137 0.6951 0.5030
vn -0.4993 0.2458 0.8308
vn -0.4475 0.7298 0.5168
vn 0.1672 0.3105 0.9358
vn 0.4077 0.8267 0.3877
vn -0.2786 -0.3268 0.9031
vn -0.1388 -0.1953 0.9709
vn -0.1659 -0.0949 0.9816
vn -0.2272 -0.2313 0.9460
vn -0.1555 -0.3698 0.9160
vn -0.2106 -0.1177 0.9705
vn 0.3446 -0.0909 0.9343
vn 0.3050 -0.1792 0.9353
vn 0.2489 -0.0171 0.9684
vn -0.3773 -0.4143 0.8283
vn -0.3379 -0.1914 0.9215
vn -0.4622 -0.5537 0.6927
vn 0.0776 0.0178 0.9968
vn -0.0312 0.0198 0.9993
vn 0.0397 0.0509 0.9979
vn 0.0063 0.0840 0.9964
vn -0.0261 0.0761 0.9968
vn -0.0157 0.0979 0.9951
vn 0.0027 -0.1061 0.9944
vn -0.0532 -0.1223 0.9911
vn -0.0255 -0.1563 0.9874
vn -0.0775 -0.8646 0.4964
vn -0.0704 -0.5759 0.8145
vn -0.5250 -0.5953 0.6082
vn 0.0747 -0.4136 0.9074
vn 0.4938 -0.2599 0.8298
vn 0.2052 -0.1088 0.9727
vn 0.4175 -0.0258 0.9083
vn 0.2533 -0.0690 0.9649
vn 0.5555 -0.0748 0.8282
vn 0.8980 0.0713 0.4342
vn 0.7048 -0.1770 0.6870
vn 0.8767 -0.0623 0.4770
vn -0.6354 -0.1208 0.7627
vn -0.8544 0.0415 0.5180
vn -0.8764 0.0109 0.4814
vn -0.1902 0.7225 0.6647
vn -0.0051 0.6369 0.7709
vn -0.5038 0.6302 0.5908
vn -1.0000 -0.0000 -0.0000
vn 0.5529 0.6424 0.5306
vn 0.6215 0.5083 0.5962
vn 0.1600 0.5499 0.8198
vn -0.5779 -0.2644 0.7721
vn -0.2020 -0.3234 0.9245
vn -0.4098 -0.3816 0.8285
vn -0.3426 0.6939 0.6334
vn -0.3014 0.5632 0.7694
vn 0.0273 0.6671 0.7445
vn -0.0382 0.7824 0.6216
vn -0.0418 -0.1839 0.9821
vn 0.0532 -0.3448 0.9372
vn 0.1916 -0.3344 0.9228
vn -0.0476 -0.3267 0.9439
vn 0.0453 -0.1999 0.9788
vn -0.1466 -0.2955 0.9440
vn -0.3228 -0.0111 0.9464
vn -0.0194 0.0872 0.9960
vn -0.1125 -0.0053 0.9936
vn 0.0914 0.0804 0.9926
vn 0.4018 -0.0244 0.9154
vn 0.1679 0.0149 0.9857
vn 0.8594 0.0302 0.5105
vn 0.7929 0.1639 0.5869
vn 0.9233 0.1626 0.3480
vn 0.4229 -0.2568 0.8690
vn 0.3712 -0.0334 0.9280
vn 0.4281 -0.0309 0.9032
vn -0.0662 -0.3026 0.9508
vn -0.0226 -0.3660 0.9303
vn -0.1651 -0.5723 0.8033
vn 0.1965 -0.2761 0.9408
vn -0.0662 -0.4805 0.8745
vn 0.0976 -0.4397 0.8928
vn 0.2665 -0.3947 0.8793
vn 0.3727 -0.3059 0.8761
vn 0.2449 -0.3643 0.8985
vn -0.3795 -0.3122 0.8709
vn -0.2790 -0.3221 0.9047
vn -0.2407 -0.3292 0.9130
vn -0.5778 -0.3167 0.7522
vn -0.4713 -0.4057 0.7831
vn -0.5147 -0.3497 0.7828
vn 0.5566 -0.1947 0.8077
vn 0.4086 -0.0785 0.9093
vn 0.4602 -0.1378 0.8770
vn -0.3013 0.2295 0.9255
vn -0.3585 0.1820 0.9156
vn -0.3313 0.2437 0.9115
vn 0.1351 -0.0690 0.9884
vn 0.0917 0.0662 0.9936
vn 0.1832 -0.0133 0.9830
vn -0.1843 0.0773 0.9798
vn -0.2573 0.1913 0.9472
vn -0.1029 0.0399 0.9939
vn 0.3466 -0.1046 0.9322
vn 0.2678 -0.2241 0.9370
vn 0.2610 -0.1686 0.9505
vn -0.2586 -0.1103 0.9597
vn -0.2295 -0.0493 0.9721
vn -0.3251 -0.0991 0.9405
vn 0.2450 0.0408 0.9687
vn -0.0650 0.2528 0.9653
vn 0.0534 0.2855 0.9569
vn -0.3037 -0.9022 -0.3062
vn -0.3545 -0.5408 -0.7628
vn -0.3965 -0.3430 -0.8515
vn -0.4478 0.5630 0.6947
vn -0.7879 0.6134 -0.0551
vn -0.6119 0.3027 0.7307
vn 0.1980 -0.2174 0.9558
vn 0.1450 -0.2160 0.9656
vn 0.0827 -0.1739 0.9813
vn -0.3489 -0.2677 0.8981
vn -0.2482 -0.1765 0.9525
vn -0.1980 -0.2622 0.9445
vn 0.4254 -0.1337 0.8951
vn 0.7276 0.0202 0.6857
vn 0.3344 -0.1479 0.9308
vn 0.4343 0.8218 0.3688
vn 0.1325 0.9375 -0.3217
vn -0.2513 0.9653 -0.0704
vn 0.2988 0.9543 0.0020
vn -0.3819 0.6843 -0.6212
vn -0.5997 0.7970 -0.0719
vn -0.3941 0.8833 -0.2539
vn 0.1482 0.7322 -0.6648
vn -0.1075 0.9129 -0.3938
vn 0.9915 -0.1289 0.0146
vn 0.8900 0.4476 -0.0863
vn 0.8994 0.4192 0.1239
vn -0.4749 -0.7490 -0.4621
vn -0.5152 -0.3743 -0.7710
vn -0.6904 -0.6434 -0.3308
vn -0.0343 -0.4274 -0.9034
vn 0.1618 -0.2449 -0.9559
vn 0.0010 -0.2347 -0.9721
vn -0.4419 -0.4034 -0.8013
vn -0.1837 -0.1793 -0.9665
vn -0.3892 -0.1633 -0.9065
vn -0.0732 -0.9155 -0.3956
vn -0.5151 -0.8340 0.1978
vn -0.3281 -0.5582 -0.7621
vn 0.9858 -0.0464 -0.1612
vn 0.5886 -0.2722 -0.7612
vn 0.8202 -0.1781 -0.5437
vn -0.5335 -0.1987 -0.8222
vn -0.9935 -0.1123 0.0163
vn -0.7644 0.0999 -0.6369
vn 0.1744 -0.2945 -0.9396
vn -0.0021 -0.5759 -0.8175
vn 0.2400 -0.5313 -0.8125
vn -0.1754 -0.3985 -0.9002
vn -0.0115 -0.2781 -0.9605
vn 0.0173 -0.6544 -0.7559
vn 0.9961 -0.0297 0.0825
vn 0.9853 -0.1161 0.1250
vn 0.9896 0.1431 0.0144
vn -0.5049 -0.8469 0.1669
vn -0.4468 -0.8814 0.1533
vn -0.4830 -0.8711 0.0891
vn -0.1180 -0.3432 -0.9318
vn -0.1190 -0.6800 -0.7234
vn -0.4341 -0.5570 -0.7080
vn 0.3842 -0.8311 -0.4020
vn 0.0414 -0.9395 -0.3401
vn 0.0857 -0.7873 -0.6106
vn 0.5132 0.2032 -0.8339
vn 0.6645 0.4210 -0.6174
vn 0.6522 0.2402 -0.7190
vn -0.7879 0.4996 0.3600
vn -0.5467 0.8020 0.2405
vn -0.7565 0.6539 -0.0072
vn -0.4473 0.4945 -0.7452
vn -0.4149 0.4680 -0.7803
vn -0.4166 0.5173 -0.7476
vn 0.3927 0.5722 -0.7199
vn 0.2474 0.9580 -0.1453
vn 0.1732 0.9461 -0.2736
vn -0.1941 0.9808 -0.0166
vn 0.0384 0.7769 0.6285
vn 0.1547 0.6551 0.7395
vn -0.9833 -0.1091 0.1459
vn -0.9213 0.3704 0.1185
vn -0.9941 -0.0038 0.1084
vn 0.9802 0.1893 0.0577
vn 0.8919 0.4521 0.0022
vn 0.9113 0.3586 0.2024
vn -0.9108 0.4120 -0.0270
vn -0.9875 0.1400 0.0726
vn -0.9273 0.2698 0.2595
vn 0.4637 -0.8564 -0.2272
vn 0.6182 -0.7796 -0.1001
vn 0.6531 -0.7324 -0.1924
vn 0.4297 -0.9028 -0.0135
vn 0.4305 -0.9010 -0.0530
vn 0.5337 -0.8298 0.1630
vn 0.5162 -0.8357 0.1873
vn 0.4235 -0.8945 0.1432
vn 0.5571 -0.8107 0.1801
vn 0.9144 -0.3885 0.1140
vn 0.9185 -0.3882 0.0753
vn 0.7663 -0.6261 0.1441
vn -0.6005 -0.7575 0.2560
vn -0.6958 -0.6804 0.2301
vn -0.6352 -0.7082 0.3081
vn 0.4571 -0.3434 -0.8204
vn 0.4606 -0.0406 -0.8867
vn 0.5686 -0.1615 -0.8066
vn -0.4960 -0.1251 -0.8592
vn -0.2387 -0.2531 -0.9375
vn -0.5056 -0.4046 -0.7620
vn 0.3198 -0.9011 -0.2927
vn 0.3440 -0.7910 -0.5060
vn 0.3211 -0.8944 -0.3112
vn -0.3221 -0.0129 0.9466
vn -0.5574 0.0453 0.8290
vn -0.1151 -0.0780 0.9903
vn 0.0375 0.0430 0.9984
vn 0.2471 -0.0257 0.9687
vn 0.5630 0.0156 0.8263
vn -0.4629 0.2239 0.8577
vn -0.5844 -0.5816 0.5659
vn -0.2826 -0.8423 0.4591
vn -0.2799 0.4109 0.8676
vn 0.0297 0.3982 0.9168
vn -0.1102 0.5876 0.8016
vn 0.1777 -0.2151 0.9603
vn -0.1351 -0.0692 0.9884
vn 0.0575 -0.3114 0.9485
vn 0.5407 -0.8406 0.0313
vn 0.7878 -0.6087 0.0943
vn 0.7448 -0.6615 0.0874
vn -0.5614 -0.8155 0.1408
vn -0.7273 -0.6718 0.1404
vn -0.8142 -0.5573 0.1628
vn 0.1947 -0.7566 0.6242
vn 0.3599 -0.0485 0.9317
vn 0.1197 -0.8708 0.4769
vn -0.8763 -0.4814 0.0206
vn -0.9642 -0.2493 0.0907
vn -0.9698 -0.2440 -0.0019
vn 0.4626 0.2454 0.8519
vn 0.5609 -0.1763 0.8089
vn -0.1607 0.8105 0.5632
vn -0.5578 -0.1729 0.8118
vn -0.4553 0.2503 0.8544
vn 0.1532 0.8070 0.5704
vn 0.5248 0.1734 0.8334
vn 0.4232 0.5358 0.7307
vn 0.6606 0.2989 0.6886
vn -0.3176 0.6820 0.6588
vn -0.2968 0.7313 0.6141
vn -0.5609 0.5657 0.6045
vn -0.8897 -0.3309 0.3144
vn -0.7751 -0.3000 0.5560
vn -0.9322 -0.2628 0.2488
vn -0.6784 -0.4300 0.5957
vn -0.6107 -0.4427 0.6566
vn -0.6596 -0.4022 0.6350
vn -0.8956 -0.4389 0.0732
vn -0.9434 -0.3292 -0.0404
vn -0.9350 -0.3390 0.1039
vn 0.6982 -0.4010 0.5931
vn 0.5827 -0.4423 0.6818
vn 0.6425 -0.5138 0.5685
vn 0.3049 0.2948 0.9056
vn 0.3043 0.1117 0.9460
vn 0.4492 0.0237 0.8931
vn 0.4721 -0.0508 0.8801
vn 0.3216 0.0350 0.9462
vn 0.4297 -0.1621 0.8883
vn 0.4353 0.1374 0.8897
vn 0.4433 -0.0453 0.8952
vn 0.4696 0.1351 0.8725
vn -0.4202 -0.0642 0.9052
vn -0.3883 0.1576 0.9079
vn -0.4773 0.0780 0.8753
vn 0.3991 -0.0830 0.9132
vn 0.3973 0.1151 0.9105
vn 0.2626 0.0266 0.9645
vn 0.3378 -0.1206 0.9335
vn 0.2318 -0.0621 0.9708
vn 0.2082 -0.1088 0.9720
vn 0.2384 0.0210 0.9709
vn 0.2662 0.1281 0.9554
vn 0.1294 0.1173 0.9846
vn -0.2478 0.1490 0.9573
vn -0.2511 0.0098 0.9679
vn -0.0929 0.1554 0.9835
vn 0.4616 -0.1470 0.8748
vn 0.3588 0.0634 0.9313
vn 0.3668 -0.0980 0.9251
vn -0.4027 -0.1153 0.9080
vn -0.3846 0.0556 0.9214
vn -0.4877 -0.1351 0.8625
vn -0.7571 -0.3756 0.5346
vn -0.9581 -0.0467 0.2825
vn -0.6743 -0.3570 -0.6465
vn 0.9283 0.3715 0.0180
vn 0.1287 0.5125 -0.8490
vn 0.5660 0.6878 0.4545
vn 0.3261 0.8630 0.3860
vn -0.2845 0.6358 -0.7175
vn -0.3107 0.9444 -0.1079
vn 0.3965 0.8946 -0.2060
vn 0.3400 0.6899 -0.6391
vn 0.3613 0.5058 -0.7834
vn -0.2228 0.0750 -0.9720
vn 0.1311 -0.2201 -0.9666
vn -0.2738 -0.1836 -0.9441
vn -0.0961 -0.1883 -0.9774
vn 0.2258 0.0778 -0.9711
vn 0.2777 -0.1704 -0.9454
vn 0.1074 0.2124 -0.9713
vn 0.9205 0.1518 -0.3600
vn 0.4457 -0.1347 -0.8850
vn -0.4037 -0.0936 -0.9101
vn -0.8976 0.1806 -0.4020
vn -0.0984 0.2147 -0.9717
vn 0.2347 0.8553 0.4619
vn 0.3361 0.9163 -0.2175
vn 0.4438 0.8886 0.1161
vn 0.3814 -0.0868 -0.9203
vn 0.2177 -0.3301 -0.9185
vn 0.4008 -0.3434 -0.8494
vn -0.0598 -0.3142 -0.9475
vn -0.2514 -0.1048 -0.9622
vn -0.3001 -0.3747 -0.8773
vn 0.8105 -0.1791 0.5577
vn 0.6917 -0.3539 0.6295
vn 0.7188 -0.4470 0.5325
vn -0.7189 -0.4467 0.5325
vn -0.6918 -0.3532 0.6299
vn -0.8104 -0.1787 0.5579
vn 0.5457 -0.5627 0.6210
vn 0.0930 -0.5449 0.8334
vn 0.2294 -0.7835 0.5775
vn -0.2299 -0.7835 0.5774
vn -0.0941 -0.5445 0.8334
vn -0.5460 -0.5621 0.6212
vn -0.1111 -0.7486 0.6536
vn -0.3233 -0.5828 0.7455
vn -0.3969 -0.6548 0.6433
vn 0.3982 -0.6558 0.6414
vn 0.3237 -0.5833 0.7450
vn 0.1113 -0.7496 0.6525
vn 0.7343 -0.1994 0.6489
vn 0.5294 -0.3836 0.7567
vn 0.5939 -0.4992 0.6309
vn -0.5105 0.3899 0.7664
vn -0.5843 0.5133 0.6286
vn -0.7217 0.2081 0.6602
vn 0.3426 0.6940 0.6333
vn 0.0374 0.7818 0.6223
vn -0.0296 0.6669 0.7446
vn 0.2994 0.5645 0.7692
vn 0.2736 0.7417 0.6124
vn 0.2959 0.6266 0.7209
vn 0.5259 0.4884 0.6963
vn 0.5160 0.6180 0.5931
vn -0.2732 0.7413 0.6131
vn -0.5157 0.6181 0.5933
vn -0.5249 0.4889 0.6967
vn -0.2949 0.6266 0.7214
vn 0.6954 -0.0680 0.7154
vn 0.9477 -0.0307 0.3177
vn 0.9304 0.1011 0.3525
vn 0.7321 0.0580 0.6787
vn -0.8261 0.1666 0.5384
vn -0.6779 0.3199 0.6619
vn -0.7078 0.4501 0.5445
vn -0.4924 -0.4722 0.7311
vn -0.6711 -0.6992 0.2465
vn -0.1444 -0.9104 0.3878
vn -0.8851 0.1015 0.4543
vn -0.9034 -0.0922 0.4187
vn -0.6735 -0.0686 0.7360
vn -0.7273 0.0487 0.6846
vn 0.3787 -0.5883 0.7145
vn 0.4438 -0.6400 0.6272
vn 0.4156 -0.7821 0.4644
vn 0.3878 -0.8054 0.4483
vn -0.4098 -0.7716 0.4865
vn -0.3790 -0.7361 0.5609
vn -0.4463 -0.6412 0.6243
vn -0.4160 -0.8007 0.4310
vn 0.7139 -0.3150 0.6254
vn 0.8964 -0.2978 0.3282
vn 0.8652 0.1463 0.4797
vn 0.7052 -0.0122 0.7089
vn 0.4922 -0.6922 0.5279
vn 0.5538 -0.4360 0.7094
vn 0.3810 -0.5196 0.7648
vn 0.6436 -0.6986 0.3127
vn 0.8513 -0.4791 0.2138
vn 0.6993 -0.4101 0.5855
vn -0.6188 -0.4936 0.6111
vn -0.8316 -0.5181 0.1999
vn -0.6023 -0.7505 0.2720
vn -0.6475 -0.3869 0.6565
vn -0.6023 -0.1435 0.7853
vn -0.8951 0.0337 0.4446
vn -0.8766 -0.3673 0.3109
vn 0.5661 0.3025 0.7668
vn 0.6815 0.6175 0.3927
vn 0.5498 0.7586 0.3497
vn 0.3876 0.3190 0.8649
vn -0.1036 0.1979 0.9747
vn -0.6783 0.5639 0.4711
vn -0.5329 0.7596 0.3728
vn -0.2008 0.2590 0.9448
vn -0.5509 0.7733 0.3140
vn -0.7428 0.6229 0.2452
vn -0.5461 0.2418 0.8020
vn 0.4903 0.7316 0.4737
vn -0.3835 0.8210 0.4230
vn -0.0898 0.3261 0.9411
vn 0.1694 0.2465 0.9542
vn 0.2500 0.2497 0.9355
vn 0.5653 0.7542 0.3339
vn 0.7055 0.5612 0.4327
vn 0.1107 -0.1345 0.9847
vn 0.2538 -0.1936 0.9477
vn 0.2665 -0.2950 0.9176
vn 0.1718 -0.1105 0.9789
vn 0.1512 -0.3540 0.9230
vn 0.1218 -0.2937 0.9481
vn 0.2874 -0.1062 0.9519
vn 0.2197 -0.1111 0.9692
vn -0.1997 -0.1521 0.9680
vn -0.3997 -0.1661 0.9015
vn -0.4550 -0.2797 0.8454
vn -0.3347 -0.1638 0.9280
vn -0.2040 -0.1817 0.9620
vn -0.1563 -0.1868 0.9699
vn -0.1467 -0.3359 0.9304
vn 0.4211 -0.2719 0.8653
vn 0.4324 -0.1369 0.8912
vn 0.1860 -0.2463 0.9512
vn 0.0431 -0.1776 0.9832
vn 0.1024 -0.1383 0.9851
vn 0.1756 -0.1733 0.9691
vn 0.0834 -0.1894 0.9783
vn -0.4626 -0.3106 0.8304
vn -0.3432 -0.2207 0.9130
vn -0.3670 -0.2032 0.9078
vn -0.2227 0.0179 0.9747
vn -0.2009 0.0228 0.9793
vn -0.2446 -0.0122 0.9696
vn -0.1571 -0.1390 0.9778
vn -0.2765 -0.2068 0.9385
vn -0.2287 -0.1272 0.9652
vn 0.0796 -0.8158 0.5728
vn 0.3919 -0.6247 0.6754
vn 0.0449 -0.5193 0.8534
vn 0.0021 -0.5617 0.8273
vn -0.1088 -0.2055 0.9726
vn -0.0688 -0.2068 0.9760
vn -0.1671 -0.2417 0.9559
vn -0.4898 -0.0339 0.8712
vn -0.5212 -0.0518 0.8518
vn -0.2013 -0.0878 0.9756
vn -0.2180 -0.1035 0.9705
vn -0.0981 -0.3731 0.9226
vn -0.1565 -0.1176 0.9807
vn -0.5003 -0.2175 0.8381
vn -0.0448 -0.1028 0.9937
vn 0.1018 -0.0787 0.9917
vn 0.2974 -0.0732 0.9519
vn 0.0823 -0.1339 0.9876
vn 0.0617 0.2971 0.9529
vn 0.0295 0.2148 0.9762
vn -0.2153 0.1098 0.9704
vn -0.2610 0.0880 0.9613
vn -0.9230 0.3735 0.0926
vn -0.1788 0.8578 0.4819
vn -0.6278 0.6415 0.4408
vn 0.4532 -0.3575 0.8166
vn 0.4367 -0.4598 0.7732
vn 0.1905 -0.3579 0.9141
vn 0.3636 0.9114 0.1928
vn 0.2989 0.8950 0.3310
vn 0.3462 0.3549 -0.8684
vn 0.3906 -0.0803 0.9170
vn 0.3647 0.3768 0.8515
vn 0.0849 0.2057 0.9749
vn -0.2743 -0.0751 0.9587
vn -0.0303 0.0611 0.9977
vn -0.2868 0.2923 0.9123
vn -0.8824 0.1671 0.4398
vn -0.9104 0.1958 0.3644
vn -0.8196 0.1962 0.5384
vn 0.7834 -0.3116 0.5377
vn 0.7801 -0.2129 0.5883
vn 0.8847 0.0010 0.4661
vn -0.8876 0.0615 0.4565
vn -0.7468 -0.2699 0.6078
vn -0.7849 -0.3559 0.5073
vn 0.0338 -0.4171 0.9082
vn -0.0072 -0.2770 0.9608
vn 0.1624 -0.1266 0.9786
vn 0.1831 -0.2916 0.9388
vn -0.4540 -0.1845 0.8717
vn -0.3486 -0.2361 0.9070
vn -0.4778 -0.2926 0.8283
vn 0.2156 -0.2477 0.9445
vn 0.0443 -0.1671 0.9849
vn 0.1804 -0.1358 0.9742
vn 0.1637 -0.1356 0.9771
vn 0.1625 -0.1162 0.9798
vn 0.0482 -0.1464 0.9880
vn -0.1118 -0.1930 0.9748
vn 0.0207 -0.4003 0.9162
vn -0.1253 -0.3726 0.9195
vn -0.1885 -0.2475 0.9504
vn -0.4943 0.1484 0.8565
vn 0.1324 0.0097 0.9911
vn 0.0606 -0.1277 0.9900
vn -0.1342 -0.2267 0.9647
vn 0.3873 -0.4773 0.7888
vn 0.5377 -0.3906 0.7472
vn 0.4284 -0.3039 0.8510
vn 0.2475 -0.0283 0.9685
vn 0.3383 0.1578 0.9277
vn 0.2822 -0.0437 0.9584
vn -0.1377 -0.0564 0.9889
vn -0.1432 -0.0016 0.9897
vn -0.1125 0.0027 0.9937
vn 0.2278 0.0953 0.9690
vn 0.1277 0.1243 0.9840
vn 0.3219 0.2098 0.9232
vn -0.3571 0.0159 0.9339
vn -0.3474 -0.0296 0.9372
vn -0.3520 -0.1009 0.9305
vn -0.3384 -0.0269 0.9406
vn -0.5853 -0.1265 0.8009
vn -0.7488 0.0798 0.6580
vn -0.8052 0.2193 0.5510
vn 0.3525 -0.2103 0.9119
vn 0.0702 0.3675 0.9274
vn 0.2564 -0.1411 0.9562
vn -0.0264 -0.6793 0.7334
vn 0.4641 -0.5516 -0.6930
vn -0.3909 0.6868 0.6128
vn -0.5874 0.5207 -0.6196
vn -0.5808 0.5917 -0.5590
vn -0.5927 0.7214 -0.3582
vn -0.7637 0.6038 -0.2286
vn 0.6307 0.7005 -0.3340
vn 0.5809 0.8129 -0.0416
vn 0.5961 0.5446 -0.5899
vn 0.7718 0.5852 -0.2488
vn 0.2935 0.8677 -0.4013
vn 0.4536 0.8684 -0.2001
vn 0.6042 0.7948 -0.0570
vn 0.5004 0.8539 -0.1430
vn -0.3108 0.9499 0.0331
vn 0.6016 0.7961 -0.0653
vn 0.3663 0.7074 -0.6045
vn 0.3911 0.8734 -0.2901
vn 0.0699 0.8032 -0.5916
vn -0.1887 0.6748 -0.7135
vn -0.3920 0.9142 -0.1033
vn -0.6311 0.7752 -0.0268
vn -0.6111 0.7843 -0.1068
vn -0.4426 0.8765 -0.1892
vn 0.1096 -0.9308 -0.3486
vn 0.4457 -0.6610 -0.6036
vn 0.7205 -0.6887 0.0810
vn 0.1517 -0.9844 0.0895
vn -0.9884 -0.1469 -0.0399
vn -0.9117 0.4096 0.0325
vn -0.8873 0.4477 -0.1107
vn 0.7745 -0.6325 -0.0123
vn 0.5936 -0.8002 0.0851
vn 0.6029 -0.7975 -0.0219
vn -0.6052 -0.7954 -0.0341
vn -0.5800 -0.8144 -0.0203
vn -0.7329 -0.6736 -0.0957
vn 0.0030 -0.3103 -0.9506
vn 0.2285 -0.4345 -0.8712
vn 0.0315 -0.6749 -0.7372
vn -0.0482 -0.9563 -0.2886
vn -0.0497 -0.9894 0.1366
vn -0.4533 -0.8904 -0.0427
vn 0.9732 -0.0116 -0.2295
vn 0.9976 -0.0048 -0.0689
vn 0.9910 0.1084 -0.0781
vn 0.9885 0.0275 -0.1489
vn -0.2874 0.0100 -0.9578
vn -0.0988 -0.1069 -0.9894
vn -0.2769 -0.1557 -0.9482
vn 0.2340 -0.6113 -0.7560
vn 0.2691 -0.3357 -0.9027
vn 0.4540 -0.4637 -0.7608
vn 0.4506 -0.6913 -0.5648
vn -0.8621 0.1445 -0.4857
vn -0.9978 -0.0661 0.0049
vn -0.9879 0.1544 0.0165
vn -0.8743 0.1419 -0.4641
vn -0.9801 0.1944 -0.0410
vn -0.9824 0.0989 -0.1585
vn 0.4637 -0.8746 0.1416
vn 0.4561 -0.8889 0.0428
vn 0.4259 -0.8934 0.1429
vn -0.2524 -0.9035 -0.3464
vn -0.4354 -0.8567 -0.2765
vn -0.4449 -0.7335 -0.5138
vn -0.2341 -0.8042 -0.5464
vn 0.3449 -0.8756 -0.3382
vn 0.0945 -0.9246 -0.3690
vn 0.1082 -0.9595 -0.2601
vn 0.3800 -0.8927 -0.2424
vn -0.2338 -0.9398 -0.2494
vn -0.3656 -0.8877 -0.2799
vn -0.5748 -0.8108 -0.1103
vn -0.4710 -0.8663 -0.1665
vn 0.7731 -0.6069 0.1841
vn 0.9047 -0.4125 0.1067
vn 0.8185 -0.5618 0.1207
vn 0.6550 -0.7337 0.1805
vn -0.9584 -0.2826 -0.0396
vn -0.9191 0.0540 -0.3903
vn -0.9877 -0.0735 -0.1379
vn -0.7841 -0.6118 0.1046
vn -0.8846 -0.4464 0.1351
vn -0.7407 -0.6422 0.1976
vn -0.6380 -0.7525 0.1633
vn 0.2351 -0.2183 -0.9471
vn 0.2221 0.0968 -0.9702
vn 0.3702 0.0150 -0.9288
vn 0.4244 -0.3045 -0.8527
vn 0.0814 0.9890 0.1234
vn 0.0900 0.8838 0.4590
vn 0.2770 0.8587 0.4311
vn 0.2757 0.9520 0.1327
vn -0.3911 0.0903 -0.9159
vn -0.0670 0.2012 -0.9773
vn -0.1150 -0.1589 -0.9806
vn 0.2798 0.8760 -0.3929
vn 0.0729 0.9230 -0.3778
vn 0.0570 0.9919 -0.1134
vn 0.2669 0.9575 -0.1091
vn -0.2942 0.9129 0.2831
vn -0.0475 0.8748 0.4821
vn -0.0565 0.9934 0.0998
vn -0.1114 0.9887 -0.0999
vn -0.1350 0.9295 -0.3431
vn -0.3063 0.9025 -0.3029
vn -0.3293 0.9442 -0.0070
vn 0.3512 0.4176 -0.8380
vn 0.1791 0.4669 -0.8660
vn 0.1278 0.7370 -0.6637
vn 0.3152 0.6831 -0.6588
vn -0.1531 0.7518 -0.6414
vn -0.1451 0.5008 -0.8533
vn -0.3949 0.4215 -0.8163
vn -0.3283 0.7189 -0.6127
vn 0.7271 0.6791 -0.1005
vn 0.6787 0.6488 -0.3441
vn 0.4817 0.7947 -0.3693
vn 0.5232 0.8463 -0.0999
vn 0.5564 0.6310 0.5405
vn 0.6376 0.6550 0.4054
vn 0.7180 0.5647 0.4069
vn -0.5265 0.1178 -0.8420
vn -0.6445 0.1615 -0.7473
vn -0.6758 0.4157 -0.6086
vn 0.4089 0.4182 -0.8112
vn 0.4124 0.6595 -0.6285
vn 0.5876 0.5396 -0.6030
vn -0.5952 0.5674 -0.5691
vn -0.4008 0.7082 -0.5812
vn -0.3923 0.3985 -0.8291
vn -0.4710 0.8379 -0.2759
vn -0.6698 0.6838 -0.2893
vn -0.7118 0.6934 -0.1122
vn -0.4833 0.8755 -0.0034
vn 0.7318 0.6165 0.2903
vn 0.7364 0.6729 0.0696
vn 0.5383 0.8349 0.1146
vn 0.5350 0.7607 0.3676
vn 0.6209 0.5349 0.5730
vn 0.6777 0.5591 0.4776
vn 0.5084 0.6346 0.5820
vn 0.5332 0.6260 0.5690
vn -0.4993 0.7077 0.4998
vn -0.7519 0.4801 0.4517
vn -0.7384 0.5676 0.3642
vn -0.5208 0.7206 0.4577
vn 0.0721 0.7182 0.6921
vn 0.1052 0.6746 0.7306
vn 0.1657 0.6983 0.6963
vn 0.2552 0.6994 0.6676
vn 0.5409 0.8217 0.1799
vn 0.5730 0.6843 0.4510
vn 0.4648 0.8526 0.2388
vn -0.1011 0.7370 0.6683
vn -0.3334 0.7630 0.5538
vn -0.2091 0.8013 0.5605
vn -0.0730 0.7406 0.6680
vn 0.9309 0.3168 0.1816
vn 0.9385 0.2644 0.2219
vn 0.9956 0.0471 0.0810
vn 0.9900 0.0651 0.1251
vn 0.9817 -0.1188 0.1488
vn 0.9958 -0.0330 0.0854
vn 0.9286 0.3474 0.1305
vn -0.9856 0.1003 0.1365
vn -0.9121 0.3435 0.2237
vn -0.9184 0.2674 0.2916
vn -0.9852 0.1048 0.1353
vn 0.9615 0.2690 0.0554
vn 0.8620 0.4050 -0.3049
vn 0.8175 0.4696 -0.3334
vn 0.8881 0.4519 -0.0835
vn -0.9703 0.2341 0.0604
vn -0.8918 0.4406 -0.1030
vn -0.8220 0.4771 -0.3111
vn -0.8750 0.3824 -0.2970
vn -0.3931 -0.9158 0.0829
vn -0.4754 -0.8793 0.0292
vn -0.5417 -0.8287 0.1407
vn -0.5831 -0.7903 0.1880
vn -0.6340 -0.7732 -0.0159
vn -0.7008 -0.7126 0.0331
vn -0.6470 -0.7570 0.0917
vn 0.8378 -0.5039 0.2102
vn 0.6357 -0.7596 0.1377
vn 0.5332 -0.8268 0.1789
vn 0.6613 -0.7023 0.2637
vn -0.5123 -0.1551 -0.8447
vn -0.5176 -0.4105 -0.7507
vn -0.4786 -0.4065 -0.7783
vn -0.5460 -0.2110 -0.8108
vn -0.3783 -0.7322 -0.5663
vn -0.4618 -0.7097 -0.5321
vn -0.4320 -0.8714 -0.2324
vn -0.3243 -0.9237 -0.2041
vn -0.3358 -0.0267 0.9416
vn -0.1126 0.0816 0.9903
vn -0.1172 -0.0067 0.9931
vn -0.4239 -0.0120 0.9056
vn 0.5163 -0.7661 -0.3829
vn 0.6240 -0.6455 -0.4404
vn 0.6687 -0.7223 -0.1765
vn -0.0405 0.8590 0.5103
vn 0.5262 -0.1899 0.8289
vn 0.5105 0.1920 0.8382
vn -0.5123 0.2032 0.8345
vn -0.5305 -0.1867 0.8269
vn 0.0248 0.8520 0.5230
vn 0.3218 -0.0114 0.9468
vn 0.1000 -0.0697 0.9925
vn 0.5853 0.0781 0.8070
vn 0.4291 0.4964 0.7546
vn 0.5075 0.1731 0.8441
vn 0.4762 0.2288 0.8490
vn 0.3646 0.4829 0.7961
vn -0.1490 0.2823 0.9477
vn -0.4462 -0.0627 0.8927
vn -0.3887 0.1393 0.9108
vn 0.2096 0.4810 0.8513
vn 0.3267 0.2684 0.9062
vn 0.0592 0.3175 0.9464
vn 0.0242 0.3786 0.9253
vn -0.4452 0.6071 0.6582
vn -0.4528 0.5375 0.7114
vn -0.5232 0.4748 0.7077
vn 0.4936 -0.4357 0.7526
vn 0.5781 -0.4998 0.6450
vn 0.5394 -0.4583 0.7064
vn 0.4250 -0.3942 0.8149
vn -0.1513 0.0019 0.9885
vn -0.0531 0.1502 0.9872
vn -0.1425 0.1539 0.9778
vn -0.2019 -0.2239 0.9535
vn -0.0797 -0.3139 0.9461
vn 0.1423 -0.0628 0.9878
vn -0.5062 -0.4299 0.7476
vn -0.4504 -0.3937 0.8013
vn -0.5566 -0.4341 0.7084
vn -0.5828 -0.4875 0.6502
vn -0.2875 0.1891 0.9389
vn -0.2268 0.3308 0.9160
vn -0.0257 -0.7045 0.7092
vn -0.1144 -0.6406 0.7593
vn 0.9298 -0.3664 0.0359
vn 0.9632 -0.2682 0.0162
vn 0.9614 -0.2745 0.0186
vn 0.8752 -0.4793 0.0663
vn -0.4329 -0.1052 0.8953
vn -0.3562 0.0197 0.9342
vn -0.3468 0.1535 0.9253
vn -0.4743 -0.0682 0.8777
vn 0.6621 -0.0107 0.7493
vn 0.7919 0.2103 0.5733
vn 0.4313 0.4397 0.7878
vn -0.4030 0.3918 0.8271
vn -0.7642 0.2289 0.6030
vn -0.6241 -0.0603 0.7790
vn 0.9209 -0.2972 0.2522
vn 0.9412 -0.2840 0.1831
vn 0.8067 -0.2804 0.5201
vn 0.6566 -0.4071 0.6350
vn 0.6793 -0.3978 0.6167
vn 0.6165 -0.4503 0.6458
vn -0.6624 -0.3860 0.6420
vn -0.6391 -0.4974 0.5867
vn -0.5781 -0.3934 0.7148
vn -0.3003 0.6741 0.6749
vn -0.3219 0.7657 0.5568
vn -0.4216 0.5894 0.6891
vn -0.1678 -0.7315 -0.6608
vn -0.2079 -0.6730 -0.7098
vn 0.3069 -0.9440 0.1214
vn 0.0903 -0.9942 0.0592
vn -0.3214 -0.0700 0.9443
vn -0.1660 0.0403 0.9853
vn -0.3666 0.1188 0.9227
vn -0.2866 -0.0290 0.9576
vn -0.2010 -0.0048 0.9796
vn -0.1974 0.0172 0.9802
vn -0.3144 -0.9488 0.0322
vn 0.2114 -0.6475 -0.7322
vn 0.2124 -0.6736 -0.7080
vn -0.0764 -0.9941 -0.0773
vn 0.0364 -0.7244 -0.6884
vn 0.4557 -0.6844 -0.5692
vn 0.6543 -0.6141 0.4413
vn 0.4964 -0.8412 0.2145
vn -0.6595 -0.7123 0.2402
vn -0.3575 -0.6152 -0.7026
vn -0.0000 -0.6895 -0.7243
vn -0.4511 -0.8840 0.1229
vn -0.2147 0.0043 -0.9767
vn -0.3441 0.0783 -0.9357
vn -0.3714 -0.1476 -0.9166
vn -0.2127 -0.2285 -0.9500
vn 0.6971 -0.3827 0.6063
vn 0.7692 -0.4545 -0.4491
vn 0.9469 -0.1039 0.3042
vn -0.9256 0.3784 0.0098
vn -0.5542 0.6792 0.4812
vn -0.1188 0.5159 -0.8484
vn -0.3268 0.8446 0.4241
vn 0.2940 0.9545 -0.0500
vn 0.2969 0.6498 -0.6997
vn -0.3876 0.8912 -0.2355
vn -0.3458 0.5007 -0.7935
vn -0.2901 0.7112 -0.6404
vn 0.2714 -0.0095 -0.9624
vn 0.3034 -0.1968 -0.9323
vn 0.3851 -0.1337 -0.9131
vn 0.3578 0.0817 -0.9302
vn -0.0065 -0.8035 -0.5952
vn -0.0375 -0.9938 -0.1043
vn -0.0100 -0.9736 -0.2281
vn 0.0999 -0.8420 -0.5302
vn -0.2019 0.8848 0.4201
vn -0.4468 0.8886 0.1041
vn -0.3086 0.9348 -0.1760
vn 0.0180 -0.9865 -0.1630
vn 0.0873 -0.9883 -0.1249
vn 0.0652 -0.7439 -0.6651
vn -0.1199 -0.7645 -0.6333
vt 0.852991 0.577220
vt 0.838061 0.593861
vt 0.823843 0.574321
vt 0.825483 0.554411
vt 0.819478 0.611223
vt 0.805485 0.575144
vt 0.838061 0.593861
vt 0.781448 0.527061
vt 0.805485 0.575144
vt 0.867013 0.912181
vt 0.884364 0.893599
vt 0.903904 0.907817
vt 0.903090 0.926173
vt 0.901009 0.878658
vt 0.923813 0.906175
vt 0.884364 0.893599
vt 0.951175 0.950206
vt 0.903090 0.926174
vt 0.923813 0.906175
vt 0.804381 0.647575
vt 0.786423 0.639234
vt 0.787291 0.611834
vt 0.781649 0.696591
vt 0.764095 0.654259
vt 0.804381 0.647575
vt 0.746541 0.611927
vt 0.787291 0.611834
vt 0.764095 0.654259
vt 0.781649 0.950010
vt 0.830665 0.927278
vt 0.839007 0.945236
vt 0.823982 0.967564
vt 0.866406 0.944368
vt 0.866314 0.985118
vt 0.866406 0.944368
vt 0.850133 0.628160
vt 0.856573 0.640965
vt 0.835367 0.656592
vt 0.822195 0.656460
vt 0.871791 0.655965
vt 0.833636 0.672408
vt 0.833636 0.672408
vt 0.822238 0.859942
vt 0.837252 0.875152
vt 0.821628 0.896322
vt 0.805808 0.898053
vt 0.850083 0.881547
vt 0.821775 0.909474
vt 0.837252 0.875152
vt 0.805808 0.898053
vt 0.951265 0.696878
vt 0.908790 0.714289
vt 0.896322 0.690471
vt 0.906517 0.670576
vt 0.866314 0.731700
vt 0.869376 0.689497
vt 0.908790 0.714289
vt 0.888982 0.635868
vt 0.907791 0.650809
vt 0.906517 0.670576
vt 0.904049 0.620763
vt 0.926254 0.649579
vt 0.888982 0.635868
vt 0.906517 0.670576
vt 0.926254 0.649579
vt 0.857484 0.827794
vt 0.842348 0.842836
vt 0.827408 0.824000
vt 0.828654 0.805538
vt 0.807638 0.825204
vt 0.842348 0.842836
vt 0.781356 0.780387
vt 0.828654 0.805538
vt 0.807638 0.825204
vt 0.828654 0.805538
vt 0.838443 0.786520
vt 0.864549 0.791078
vt 0.823835 0.762980
vt 0.866314 0.745572
vt 0.823881 0.509608
vt 0.836148 0.534400
vt 0.825483 0.554411
vt 0.866314 0.492154
vt 0.861867 0.539081
vt 0.861867 0.539081
vt 0.835075 0.625067
vt 0.844426 0.608929
vt 0.853750 0.605640
vt 0.838061 0.593861
vt 0.835075 0.625067
vt 0.853750 0.605640
vt 0.838061 0.593861
vt 0.884364 0.893598
vt 0.869300 0.887233
vt 0.872600 0.877899
vt 0.853169 0.896586
vt 0.872600 0.877898
vt 0.853169 0.896586
vt 0.874987 0.621273
vt 0.873158 0.630201
vt 0.856573 0.640965
vt 0.888982 0.635868
vt 0.842348 0.842836
vt 0.848021 0.858633
vt 0.837252 0.875152
vt 0.856976 0.856797
vt 0.842348 0.842836
vt 0.870274 0.607597
vt 0.879487 0.610592
vt 0.874987 0.621273
vt 0.889777 0.588035
vt 0.899597 0.600241
vt 0.870274 0.607597
vt 0.874986 0.621273
vt 0.899597 0.600241
vt 0.878050 0.832139
vt 0.867693 0.852239
vt 0.856976 0.856797
vt 0.890270 0.841857
vt 0.870691 0.861374
vt 0.878050 0.832139
vt 0.870691 0.861374
vt 0.853750 0.605640
vt 0.865262 0.600061
vt 0.870274 0.607597
vt 0.875266 0.580114
vt 0.853750 0.605640
vt 0.870274 0.607597
vt 0.890270 0.841857
vt 0.898161 0.856350
vt 0.878211 0.866361
vt 0.872600 0.877899
vt 0.870691 0.861374
vt 0.872600 0.877898
vt 0.520588 0.083581
vt 0.513075 0.069044
vt 0.519922 0.068290
vt 0.528836 0.080587
vt 0.502084 0.061361
vt 0.519614 0.062729
vt 0.513075 0.069044
vt 0.541057 0.073927
vt 0.528836 0.080587
vt 0.416653 0.365337
vt 0.400524 0.376863
vt 0.385265 0.360149
vt 0.386385 0.347607
vt 0.384233 0.383295
vt 0.369420 0.352661
vt 0.400524 0.376863
vt 0.360010 0.321253
vt 0.386385 0.347607
vt 0.369420 0.352660
vt 0.574338 0.395468
vt 0.574018 0.382159
vt 0.590203 0.386535
vt 0.592830 0.395637
vt 0.586311 0.363319
vt 0.604191 0.374710
vt 0.574018 0.382159
vt 0.614727 0.386311
vt 0.592830 0.395637
vt 0.604191 0.374710
vt 0.417359 0.329011
vt 0.453194 0.337790
vt 0.443765 0.348468
vt 0.418148 0.346925
vt 0.497481 0.340180
vt 0.454394 0.358843
vt 0.453193 0.337790
vt 0.418148 0.346925
vt 0.454394 0.358843
vt 0.386038 0.327021
vt 0.394414 0.340157
vt 0.418148 0.346925
vt 0.386385 0.347607
vt 0.528426 0.203379
vt 0.568121 0.224789
vt 0.559546 0.239863
vt 0.541382 0.239740
vt 0.596712 0.250008
vt 0.571979 0.257277
vt 0.553358 0.269836
vt 0.571979 0.257277
vt 0.481180 0.198122
vt 0.435734 0.234878
vt 0.417880 0.237795
vt 0.417500 0.226408
vt 0.409656 0.259672
vt 0.397636 0.254873
vt 0.374417 0.257945
vt 0.417500 0.226408
vt 0.397636 0.254873
vt 0.527751 0.268869
vt 0.526735 0.245571
vt 0.541382 0.239740
vt 0.497403 0.260018
vt 0.514674 0.232017
vt 0.541382 0.239740
vt 0.514674 0.232017
vt 0.469218 0.263355
vt 0.473435 0.243614
vt 0.486391 0.231151
vt 0.446651 0.266664
vt 0.459919 0.238902
vt 0.469218 0.263355
vt 0.486391 0.231151
vt 0.461673 0.280809
vt 0.447354 0.286947
vt 0.470804 0.290276
vt 0.443889 0.307964
vt 0.447354 0.286947
vt 0.470804 0.290276
vt 0.498373 0.070020
vt 0.491021 0.070734
vt 0.488043 0.068381
vt 0.494492 0.077828
vt 0.487450 0.076964
vt 0.498373 0.070020
vt 0.479843 0.084220
vt 0.487450 0.076964
vt 0.507490 0.080457
vt 0.512378 0.078216
vt 0.512694 0.083293
vt 0.508926 0.084985
vt 0.515927 0.092259
vt 0.508742 0.096367
vt 0.508926 0.084985
vt 0.515927 0.092259
vt 0.531242 0.157813
vt 0.516083 0.124066
vt 0.520228 0.111426
vt 0.527948 0.114932
vt 0.515927 0.092259
vt 0.516083 0.124066
vt 0.527948 0.114932
vt 0.520550 0.188190
vt 0.524681 0.182713
vt 0.533034 0.181768
vt 0.516980 0.180674
vt 0.522239 0.175433
vt 0.533034 0.181768
vt 0.522239 0.175434
vt 0.484375 0.180791
vt 0.482175 0.187927
vt 0.476545 0.182931
vt 0.477774 0.175946
vt 0.468243 0.181708
vt 0.482175 0.187927
vt 0.466608 0.160543
vt 0.477774 0.175946
vt 0.468243 0.181708
vt 0.504787 0.191273
vt 0.513088 0.194689
vt 0.508985 0.198501
vt 0.504091 0.197198
vt 0.509756 0.206405
vt 0.513088 0.194689
vt 0.500000 0.203867
vt 0.509756 0.206405
vt 0.500000 0.192167
vt 0.500000 0.198017
vt 0.500000 0.197771
vt 0.500000 0.194723
vt 0.500000 0.203867
vt 0.500000 0.200573
vt 0.500000 0.197278
vt 0.493988 0.198769
vt 0.490590 0.195144
vt 0.492424 0.206125
vt 0.492424 0.206125
vt 0.483307 0.155193
vt 0.483009 0.169611
vt 0.477774 0.175946
vt 0.498749 0.160212
vt 0.489318 0.172633
vt 0.483307 0.155193
vt 0.484375 0.180791
vt 0.489318 0.172633
vt 0.986087 0.611927
vt 0.940692 0.613702
vt 0.931113 0.585638
vt 0.968547 0.569581
vt 0.899597 0.600241
vt 0.889777 0.588035
vt 0.915315 0.562650
vt 0.951006 0.527235
vt 0.501435 0.176882
vt 0.507915 0.177789
vt 0.511750 0.184822
vt 0.510729 0.172548
vt 0.501435 0.176882
vt 0.516980 0.180674
vt 0.511750 0.184822
vt 0.510729 0.172548
vt 0.494471 0.177789
vt 0.489318 0.172633
vt 0.492284 0.184812
vt 0.484375 0.180791
vt 0.492284 0.184812
vt 0.509756 0.206405
vt 0.507685 0.221273
vt 0.500127 0.225844
vt 0.514674 0.232017
vt 0.500127 0.225844
vt 0.493420 0.221062
vt 0.486391 0.231151
vt 0.500127 0.225844
vt 0.492424 0.206125
vt 0.593630 0.169547
vt 0.558814 0.165230
vt 0.562868 0.149194
vt 0.577920 0.141909
vt 0.550221 0.134940
vt 0.558814 0.165230
vt 0.566984 0.121391
vt 0.550221 0.134940
vt 0.492425 0.094926
vt 0.490743 0.084008
vt 0.493263 0.083902
vt 0.494316 0.086033
vt 0.495991 0.081583
vt 0.496481 0.083512
vt 0.494316 0.086033
vt 0.501411 0.101507
vt 0.500935 0.090878
vt 0.504622 0.088279
vt 0.498251 0.088380
vt 0.502463 0.085411
vt 0.498251 0.088380
vt 0.499442 0.083802
vt 0.497113 0.086080
vt 0.502463 0.085411
vt 0.498251 0.088380
vt 0.499442 0.083802
vt 0.494316 0.086033
vt 0.498251 0.088380
vt 0.607186 0.267551
vt 0.599846 0.270484
vt 0.591516 0.267884
vt 0.610964 0.282426
vt 0.600235 0.278393
vt 0.607186 0.267551
vt 0.589867 0.280038
vt 0.591516 0.267884
vt 0.600235 0.278393
vt 0.401591 0.282882
vt 0.403128 0.273283
vt 0.406007 0.274081
vt 0.405862 0.281440
vt 0.411555 0.271149
vt 0.403128 0.273283
vt 0.410133 0.279998
vt 0.411555 0.271149
vt 0.393884 0.291547
vt 0.396937 0.273573
vt 0.399634 0.277434
vt 0.397738 0.287215
vt 0.396937 0.273573
vt 0.397738 0.287215
vt 0.403128 0.273283
vt 0.641275 0.275483
vt 0.632550 0.293763
vt 0.625642 0.288961
vt 0.624093 0.278768
vt 0.619765 0.307157
vt 0.618294 0.293773
vt 0.624093 0.278768
vt 0.618294 0.293773
vt 0.395316 0.317661
vt 0.400739 0.315604
vt 0.408630 0.318167
vt 0.385609 0.306935
vt 0.395430 0.309453
vt 0.395317 0.317661
vt 0.403546 0.309479
vt 0.395430 0.309453
vt 0.564686 0.312749
vt 0.576514 0.314532
vt 0.579131 0.319654
vt 0.573383 0.325776
vt 0.584933 0.312581
vt 0.585413 0.319248
vt 0.588906 0.326706
vt 0.573383 0.325776
vt 0.585413 0.319248
vt 0.408630 0.318167
vt 0.412665 0.317322
vt 0.418491 0.319802
vt 0.409807 0.311102
vt 0.416067 0.312724
vt 0.418491 0.319802
vt 0.596435 0.309438
vt 0.601971 0.303810
vt 0.608253 0.305455
vt 0.607131 0.310125
vt 0.607507 0.298183
vt 0.612354 0.301862
vt 0.601971 0.303810
vt 0.607131 0.310125
vt 0.612354 0.301862
vt 0.384432 0.297295
vt 0.389209 0.298648
vt 0.389736 0.302266
vt 0.393294 0.295172
vt 0.384432 0.297295
vt 0.392705 0.298796
vt 0.389736 0.302266
vt 0.609029 0.289112
vt 0.605452 0.286283
vt 0.603617 0.283693
vt 0.606985 0.291216
vt 0.602630 0.287150
vt 0.609029 0.289112
vt 0.598275 0.283083
vt 0.603617 0.283693
vt 0.602630 0.287150
vt 0.589867 0.280038
vt 0.583109 0.282331
vt 0.579144 0.284541
vt 0.580540 0.284500
vt 0.576352 0.284624
vt 0.573783 0.286793
vt 0.583109 0.282331
vt 0.571214 0.288961
vt 0.580540 0.284500
vt 0.573783 0.286793
vt 0.423648 0.284624
vt 0.427305 0.284606
vt 0.428510 0.286713
vt 0.425413 0.287337
vt 0.432083 0.285378
vt 0.430768 0.289767
vt 0.427178 0.290050
vt 0.425413 0.287337
vt 0.430768 0.289767
vt 0.571479 0.307580
vt 0.575258 0.310376
vt 0.576514 0.314532
vt 0.573307 0.303342
vt 0.579120 0.307961
vt 0.571479 0.307580
vt 0.576514 0.314532
vt 0.579120 0.307961
vt 0.426693 0.303342
vt 0.431857 0.305216
vt 0.427530 0.309229
vt 0.421380 0.308033
vt 0.427677 0.313293
vt 0.431857 0.305216
vt 0.421380 0.308033
vt 0.567852 0.299427
vt 0.570433 0.302058
vt 0.571214 0.288961
vt 0.572260 0.296152
vt 0.567852 0.299427
vt 0.571479 0.307580
vt 0.572260 0.296152
vt 0.470353 0.428636
vt 0.478014 0.409729
vt 0.495432 0.414653
vt 0.492322 0.428636
vt 0.499722 0.391598
vt 0.515622 0.409736
vt 0.478014 0.409729
vt 0.514292 0.428636
vt 0.515622 0.409736
vt 0.608234 0.405078
vt 0.595075 0.404483
vt 0.592830 0.395637
vt 0.603425 0.423272
vt 0.581323 0.408256
vt 0.574338 0.395468
vt 0.581322 0.408256
vt 0.391585 0.404871
vt 0.373467 0.400453
vt 0.355892 0.383381
vt 0.396224 0.423172
vt 0.365005 0.406063
vt 0.391585 0.404871
vt 0.333786 0.388954
vt 0.355892 0.383381
vt 0.365005 0.406063
vt 0.693077 0.264103
vt 0.716998 0.284968
vt 0.704777 0.297855
vt 0.688223 0.294366
vt 0.734403 0.310024
vt 0.709147 0.314312
vt 0.683890 0.318600
vt 0.688223 0.294366
vt 0.709147 0.314312
vt 0.380697 0.027237
vt 0.394571 0.056983
vt 0.380772 0.068125
vt 0.356083 0.060138
vt 0.409428 0.086217
vt 0.384967 0.089863
vt 0.394571 0.056983
vt 0.358223 0.097542
vt 0.384967 0.089863
vt 0.619337 0.027004
vt 0.581489 0.043568
vt 0.569105 0.032140
vt 0.583059 0.018223
vt 0.550601 0.053299
vt 0.547786 0.033920
vt 0.581489 0.043568
vt 0.546781 0.009442
vt 0.547786 0.033920
vt 0.416840 0.018726
vt 0.411859 0.042808
vt 0.394571 0.056983
vt 0.452984 0.010214
vt 0.426337 0.049617
vt 0.416840 0.018726
vt 0.426337 0.049617
vt 0.509267 0.038127
vt 0.487360 0.053962
vt 0.478831 0.055016
vt 0.480504 0.046976
vt 0.466809 0.070623
vt 0.463044 0.063768
vt 0.460075 0.056264
vt 0.480504 0.046976
vt 0.463044 0.063768
vt 0.541731 0.063318
vt 0.565935 0.069917
vt 0.577242 0.079635
vt 0.582335 0.066105
vt 0.541731 0.063318
vt 0.633485 0.082331
vt 0.577242 0.079635
vt 0.582335 0.066105
vt 0.460075 0.056264
vt 0.463044 0.063768
vt 0.444712 0.072522
vt 0.437683 0.068455
vt 0.437769 0.081370
vt 0.437683 0.068455
vt 0.437769 0.081370
vt 0.596977 0.055934
vt 0.582335 0.066105
vt 0.637169 0.054887
vt 0.637169 0.054887
vt 0.460075 0.056264
vt 0.456934 0.041000
vt 0.474097 0.036764
vt 0.481126 0.024171
vt 0.480504 0.046976
vt 0.620447 0.121669
vt 0.613037 0.143724
vt 0.591022 0.133469
vt 0.588188 0.116785
vt 0.613037 0.143724
vt 0.566984 0.121391
vt 0.588188 0.116785
vt 0.577920 0.141909
vt 0.404942 0.161098
vt 0.383197 0.200696
vt 0.368232 0.197928
vt 0.370533 0.176599
vt 0.359246 0.225164
vt 0.350355 0.214414
vt 0.331573 0.190783
vt 0.370533 0.176599
vt 0.350355 0.214414
vt 0.082013 0.067988
vt 0.110335 0.047609
vt 0.131733 0.070247
vt 0.127285 0.093839
vt 0.138658 0.027230
vt 0.158069 0.069032
vt 0.165974 0.113156
vt 0.127285 0.093839
vt 0.158069 0.069032
vt 0.784423 0.086931
vt 0.770473 0.049961
vt 0.808966 0.044145
vt 0.829204 0.061395
vt 0.774604 0.010837
vt 0.817973 0.019034
vt 0.770473 0.049961
vt 0.861342 0.027230
vt 0.829204 0.061395
vt 0.817973 0.019034
vt 0.883769 0.185532
vt 0.864915 0.207714
vt 0.848437 0.199500
vt 0.847424 0.185456
vt 0.851036 0.225419
vt 0.833117 0.208722
vt 0.864915 0.207714
vt 0.813499 0.190705
vt 0.847424 0.185456
vt 0.198401 0.280095
vt 0.181856 0.307210
vt 0.173780 0.289255
vt 0.184614 0.268789
vt 0.142578 0.329601
vt 0.158186 0.286146
vt 0.173208 0.257255
vt 0.184614 0.268789
vt 0.793952 0.477806
vt 0.764242 0.462445
vt 0.763991 0.435523
vt 0.779149 0.434675
vt 0.734532 0.447085
vt 0.748971 0.413108
vt 0.763410 0.379131
vt 0.779149 0.434675
vt 0.265611 0.446814
vt 0.235945 0.455916
vt 0.234806 0.429799
vt 0.251289 0.413082
vt 0.206279 0.465018
vt 0.212166 0.418538
vt 0.236968 0.379349
vt 0.251289 0.413082
vt 0.212166 0.418538
vt 0.795692 0.443370
vt 0.809359 0.474396
vt 0.805035 0.424959
vt 0.779149 0.434675
vt 0.824765 0.470987
vt 0.307234 0.262485
vt 0.277910 0.285498
vt 0.263884 0.268759
vt 0.272487 0.248836
vt 0.251421 0.311186
vt 0.244012 0.267917
vt 0.277910 0.285498
vt 0.244800 0.238952
vt 0.272487 0.248836
vt 0.244012 0.267917
vt 0.797447 0.204842
vt 0.813373 0.232988
vt 0.807800 0.249311
vt 0.793988 0.249167
vt 0.829996 0.256642
vt 0.817696 0.271392
vt 0.813373 0.232988
vt 0.796084 0.285850
vt 0.793988 0.249167
vt 0.186175 0.231971
vt 0.191783 0.247902
vt 0.199606 0.202260
vt 0.203468 0.247884
vt 0.186175 0.231971
vt 0.198401 0.280095
vt 0.203468 0.247884
vt 0.765062 0.113169
vt 0.725432 0.102293
vt 0.713749 0.082909
vt 0.741091 0.137500
vt 0.692480 0.107403
vt 0.765062 0.113169
vt 0.713749 0.082909
vt 0.770384 0.155468
vt 0.759510 0.167153
vt 0.742815 0.170304
vt 0.780113 0.169386
vt 0.764025 0.178303
vt 0.746377 0.193579
vt 0.742815 0.170304
vt 0.764025 0.178303
vt 0.671215 0.204954
vt 0.695925 0.170466
vt 0.718019 0.181030
vt 0.711388 0.203013
vt 0.742815 0.170304
vt 0.695925 0.170466
vt 0.711388 0.203013
vt 0.622870 0.102482
vt 0.662379 0.111791
vt 0.668796 0.129993
vt 0.346337 0.140962
vt 0.369355 0.149046
vt 0.370533 0.176599
vt 0.382077 0.128476
vt 0.370533 0.176599
vt 0.382077 0.128476
vt 0.825762 0.147055
vt 0.865529 0.158712
vt 0.843277 0.171440
vt 0.819630 0.168880
vt 0.847424 0.185456
vt 0.865529 0.158712
vt 0.819630 0.168880
vt 0.847424 0.185456
vt 0.116655 0.175531
vt 0.098121 0.125383
vt 0.123868 0.120756
vt 0.144724 0.143436
vt 0.789640 0.138253
vt 0.787380 0.149982
vt 0.802937 0.158220
vt 0.789640 0.138253
vt 0.770384 0.155468
vt 0.802937 0.158220
vt 0.080037 0.876399
vt 0.075620 0.809771
vt 0.111597 0.802182
vt 0.132882 0.821964
vt 0.071203 0.743142
vt 0.127266 0.773112
vt 0.172488 0.791318
vt 0.132882 0.821964
vt 0.127266 0.773112
vt 0.574144 0.787840
vt 0.584482 0.759947
vt 0.612253 0.756036
vt 0.624302 0.773267
vt 0.592488 0.734841
vt 0.629155 0.738973
vt 0.678773 0.742428
vt 0.629155 0.738973
vt 0.268595 0.696644
vt 0.234881 0.695504
vt 0.236143 0.676755
vt 0.261228 0.667211
vt 0.198511 0.697584
vt 0.215740 0.666021
vt 0.234881 0.695504
vt 0.242743 0.643393
vt 0.261228 0.667211
vt 0.244847 0.742722
vt 0.223180 0.750562
vt 0.214865 0.733896
vt 0.224317 0.722920
vt 0.198960 0.753004
vt 0.196789 0.727637
vt 0.223180 0.750562
vt 0.224317 0.722920
vt 0.196789 0.727637
vt 0.548940 0.817811
vt 0.561188 0.807957
vt 0.590619 0.825551
vt 0.586969 0.841110
vt 0.616441 0.821738
vt 0.561188 0.807957
vt 0.670298 0.876448
vt 0.586969 0.841110
vt 0.616441 0.821738
vt 0.783310 0.175625
vt 0.770976 0.182672
vt 0.786507 0.181864
vt 0.769047 0.191542
vt 0.764025 0.178303
vt 0.769047 0.191542
vt 0.219887 0.169386
vt 0.240643 0.179591
vt 0.228552 0.182591
vt 0.216050 0.176095
vt 0.247953 0.197361
vt 0.227928 0.189322
vt 0.240643 0.179591
vt 0.212214 0.182803
vt 0.227929 0.189322
vt 0.490880 0.660343
vt 0.447360 0.668490
vt 0.438034 0.642261
vt 0.460968 0.622634
vt 0.406790 0.680192
vt 0.407471 0.633850
vt 0.447360 0.668490
vt 0.408153 0.587507
vt 0.250680 0.217405
vt 0.230885 0.213052
vt 0.225676 0.201884
vt 0.244800 0.238952
vt 0.223017 0.227267
vt 0.250680 0.217405
vt 0.225676 0.201884
vt 0.223017 0.227267
vt 0.402013 0.853976
vt 0.451568 0.867380
vt 0.465781 0.898051
vt 0.450491 0.906582
vt 0.495643 0.871150
vt 0.503315 0.910345
vt 0.498969 0.959188
vt 0.503315 0.910345
vt 0.258168 0.868274
vt 0.301202 0.872915
vt 0.288274 0.902966
vt 0.251640 0.909644
vt 0.348066 0.876237
vt 0.303734 0.917712
vt 0.301202 0.872915
vt 0.259402 0.959188
vt 0.251640 0.909644
vt 0.475343 0.698695
vt 0.452308 0.691678
vt 0.461166 0.730838
vt 0.437448 0.708092
vt 0.475343 0.698695
vt 0.437448 0.708092
vt 0.291674 0.735117
vt 0.285673 0.715116
vt 0.304103 0.705673
vt 0.316479 0.715003
vt 0.305266 0.686489
vt 0.348562 0.691407
vt 0.325641 0.812659
vt 0.335980 0.777137
vt 0.348314 0.783822
vt 0.308394 0.777529
vt 0.329115 0.742367
vt 0.325641 0.812659
vt 0.329115 0.742367
vt 0.307499 0.837578
vt 0.290312 0.824682
vt 0.325641 0.812659
vt 0.225676 0.201884
vt 0.220963 0.194394
vt 0.227928 0.189322
vt 0.205910 0.192532
vt 0.225676 0.201884
vt 0.447486 0.775879
vt 0.475920 0.799814
vt 0.478699 0.822267
vt 0.463554 0.826895
vt 0.501218 0.815483
vt 0.505041 0.840936
vt 0.475920 0.799814
vt 0.463554 0.826895
vt 0.505041 0.840936
vt 0.477687 0.759111
vt 0.465675 0.761289
vt 0.448589 0.746613
vt 0.505212 0.783290
vt 0.473487 0.776086
vt 0.477687 0.759111
vt 0.448589 0.746613
vt 0.473487 0.776086
vt 0.482127 0.790033
vt 0.475920 0.799814
vt 0.500433 0.799234
vt 0.501218 0.815483
vt 0.475920 0.799814
vt 0.500433 0.799234
vt 0.509167 0.744984
vt 0.503055 0.763512
vt 0.488039 0.755112
vt 0.487981 0.736588
vt 0.503055 0.763511
vt 0.487981 0.736588
vt 0.239685 0.784681
vt 0.245851 0.764354
vt 0.262589 0.757041
vt 0.269948 0.763287
vt 0.269034 0.740897
vt 0.245851 0.764354
vt 0.269948 0.763287
vt 0.503055 0.763511
vt 0.515627 0.765629
vt 0.522926 0.774205
vt 0.525503 0.753515
vt 0.537811 0.763348
vt 0.525503 0.753515
vt 0.522926 0.774205
vt 0.535354 0.779736
vt 0.536537 0.788369
vt 0.550079 0.773327
vt 0.536538 0.788369
vt 0.550079 0.773327
vt 0.548940 0.817811
vt 0.526306 0.801960
vt 0.539085 0.798221
vt 0.561188 0.807957
vt 0.536537 0.788369
vt 0.561188 0.807957
vt 0.223683 0.802929
vt 0.209814 0.799118
vt 0.210119 0.788916
vt 0.201862 0.817917
vt 0.188002 0.808440
vt 0.223683 0.802929
vt 0.210119 0.788916
vt 0.188002 0.808440
vt 0.501218 0.815483
vt 0.516788 0.806931
vt 0.527873 0.821682
vt 0.548940 0.817811
vt 0.527873 0.821682
vt 0.526306 0.801959
vt 0.201862 0.817917
vt 0.223683 0.802929
vt 0.235403 0.807061
vt 0.225019 0.821067
vt 0.253171 0.796058
vt 0.253717 0.812639
vt 0.225019 0.821067
vt 0.139314 0.720732
vt 0.115479 0.733250
vt 0.106144 0.718412
vt 0.121863 0.706254
vt 0.092110 0.714931
vt 0.106860 0.696903
vt 0.121863 0.706254
vt 0.092110 0.714931
vt 0.678616 0.708233
vt 0.694070 0.706353
vt 0.702952 0.720452
vt 0.673061 0.672662
vt 0.701248 0.684650
vt 0.678616 0.708233
vt 0.727131 0.698475
vt 0.701248 0.684650
vt 0.708495 0.655847
vt 0.725543 0.643752
vt 0.696720 0.636120
vt 0.701248 0.684650
vt 0.723955 0.589028
vt 0.725543 0.643752
vt 0.696720 0.636120
vt 0.026900 0.585223
vt 0.064323 0.589989
vt 0.070014 0.617215
vt 0.053816 0.634352
vt 0.106907 0.584723
vt 0.093699 0.627549
vt 0.077267 0.672109
vt 0.656344 0.689757
vt 0.642549 0.677403
vt 0.639014 0.661669
vt 0.640188 0.698732
vt 0.625060 0.681878
vt 0.656344 0.689757
vt 0.610662 0.662974
vt 0.639014 0.661669
vt 0.625060 0.681878
vt 0.093506 0.689377
vt 0.107292 0.676976
vt 0.122941 0.680447
vt 0.111123 0.661291
vt 0.138428 0.661818
vt 0.122941 0.680447
vt 0.111123 0.661291
vt 0.678616 0.708233
vt 0.665113 0.705536
vt 0.656344 0.689757
vt 0.655345 0.716320
vt 0.640188 0.698732
vt 0.656344 0.689757
vt 0.655345 0.716320
vt 0.106860 0.696903
vt 0.092110 0.714931
vt 0.084600 0.705316
vt 0.071496 0.708256
vt 0.092110 0.714931
vt 0.071496 0.708256
vt 0.032517 0.538143
vt 0.069712 0.561433
vt 0.055070 0.570058
vt 0.029709 0.561683
vt 0.069712 0.561433
vt 0.029709 0.561683
vt 0.643465 0.585020
vt 0.604976 0.601194
vt 0.580286 0.579359
vt 0.585171 0.562128
vt 0.570356 0.611918
vt 0.546024 0.581988
vt 0.526877 0.539235
vt 0.585171 0.562128
vt 0.546024 0.581988
vt 0.178636 0.609647
vt 0.145159 0.600752
vt 0.169832 0.578971
vt 0.203374 0.580443
vt 0.165128 0.561979
vt 0.145159 0.600752
vt 0.223349 0.539235
vt 0.805485 0.575144
vt 0.786534 0.584406
vt 0.763995 0.569494
vt 0.787291 0.611834
vt 0.866406 0.944368
vt 0.893832 0.945123
vt 0.908745 0.967662
vt 0.903090 0.926174
vt 0.908745 0.967662
vt 0.820446 0.645394
vt 0.804381 0.647575
vt 0.822195 0.656460
vt 0.835075 0.625067
vt 0.804381 0.647575
vt 0.822195 0.656460
vt 0.821775 0.909474
vt 0.832845 0.911215
vt 0.830665 0.927278
vt 0.821775 0.909474
vt 0.853170 0.896586
vt 0.841408 0.690664
vt 0.823982 0.714146
vt 0.869376 0.689497
vt 0.823982 0.714146
vt 0.869376 0.689497
vt 0.746541 0.865345
vt 0.788718 0.862313
vt 0.787556 0.890274
vt 0.764095 0.907677
vt 0.788718 0.862313
vt 0.805808 0.898053
vt 0.807638 0.825204
vt 0.787748 0.835363
vt 0.763949 0.822866
vt 0.788718 0.862313
vt 0.940692 0.613702
vt 0.945240 0.639797
vt 0.926254 0.649579
vt 0.968676 0.654403
vt 0.926254 0.649579
vt 0.908660 0.763113
vt 0.892636 0.800595
vt 0.864549 0.791078
vt 0.951006 0.780653
vt 0.915634 0.816327
vt 0.890270 0.841857
vt 0.878050 0.832139
vt 0.890856 0.548041
vt 0.908660 0.509695
vt 0.968547 0.822999
vt 0.930223 0.840775
vt 0.986087 0.865345
vt 0.939155 0.869783
vt 0.539148 0.107013
vt 0.527948 0.114932
vt 0.556045 0.097941
vt 0.550221 0.134940
vt 0.923813 0.906175
vt 0.943828 0.895509
vt 0.968631 0.907776
vt 0.939154 0.869783
vt 0.472719 0.080248
vt 0.482451 0.067838
vt 0.488043 0.068381
vt 0.486781 0.061632
vt 0.472719 0.080248
vt 0.488043 0.068381
vt 0.486781 0.061632
vt 0.435448 0.118528
vt 0.449215 0.096347
vt 0.461765 0.107262
vt 0.449815 0.134909
vt 0.472827 0.118987
vt 0.589770 0.211265
vt 0.614286 0.234712
vt 0.564421 0.189327
vt 0.614420 0.203246
vt 0.639187 0.231335
vt 0.434272 0.188241
vt 0.402434 0.212280
vt 0.383196 0.200696
vt 0.369024 0.236633
vt 0.359246 0.225164
vt 0.666514 0.272650
vt 0.667552 0.295219
vt 0.649649 0.297837
vt 0.657361 0.321172
vt 0.641903 0.319565
vt 0.643569 0.253229
vt 0.627604 0.249864
vt 0.614286 0.234712
vt 0.621885 0.259912
vt 0.621885 0.259912
vt 0.665566 0.246885
vt 0.660027 0.257165
vt 0.643569 0.253229
vt 0.666514 0.272650
vt 0.665566 0.246885
vt 0.338982 0.265388
vt 0.345827 0.249671
vt 0.369024 0.236633
vt 0.336424 0.243163
vt 0.338982 0.265388
vt 0.359246 0.225164
vt 0.336424 0.243163
vt 0.356420 0.289429
vt 0.334626 0.289896
vt 0.338829 0.317567
vt 0.321698 0.320099
vt 0.311795 0.293094
vt 0.631658 0.350098
vt 0.619516 0.342819
vt 0.647353 0.354062
vt 0.541950 0.374527
vt 0.547525 0.356252
vt 0.543156 0.391676
vt 0.500675 0.369803
vt 0.345995 0.350688
vt 0.351714 0.341719
vt 0.369420 0.352661
vt 0.321698 0.320099
vt 0.338829 0.317567
vt 0.345995 0.350688
vt 0.425832 0.395481
vt 0.407424 0.395554
vt 0.410987 0.386961
vt 0.427072 0.382432
vt 0.407424 0.395554
vt 0.427072 0.382432
vt 0.400524 0.376863
vt 0.459523 0.374816
vt 0.427072 0.382432
vt 0.456985 0.391677
vt 0.425832 0.395481
vt 0.539836 0.323484
vt 0.560900 0.338850
vt 0.547525 0.356252
vt 0.586716 0.342131
vt 0.606136 0.321567
vt 0.611597 0.331864
vt 0.586717 0.342131
vt 0.630261 0.315373
vt 0.641903 0.319565
vt 0.619516 0.342819
vt 0.372218 0.308600
vt 0.372755 0.292910
vt 0.384432 0.297295
vt 0.381843 0.277614
vt 0.372218 0.308600
vt 0.382754 0.317860
vt 0.386038 0.327021
vt 0.395317 0.317661
vt 0.649649 0.297837
vt 0.638674 0.301648
vt 0.632550 0.293763
vt 0.641903 0.319565
vt 0.630261 0.315373
vt 0.649649 0.297837
vt 0.632550 0.293763
vt 0.630261 0.315373
vt 0.527751 0.268869
vt 0.530870 0.298009
vt 0.502526 0.301738
vt 0.553732 0.294637
vt 0.397636 0.254873
vt 0.390563 0.268589
vt 0.381843 0.277614
vt 0.396937 0.273573
vt 0.396937 0.273573
vt 0.459919 0.238902
vt 0.442315 0.242709
vt 0.435734 0.234878
vt 0.429614 0.259582
vt 0.435734 0.234878
vt 0.429614 0.259582
vt 0.453194 0.337791
vt 0.453211 0.328236
vt 0.468642 0.320995
vt 0.435730 0.322705
vt 0.435730 0.322705
vt 0.506846 0.072945
vt 0.498373 0.070020
vt 0.502492 0.077901
vt 0.480692 0.305043
vt 0.468642 0.320995
vt 0.502526 0.301738
vt 0.470804 0.290276
vt 0.468642 0.320995
vt 0.483600 0.124216
vt 0.483307 0.155193
vt 0.484611 0.094835
vt 0.494792 0.126451
vt 0.490743 0.084008
vt 0.486900 0.083185
vt 0.487450 0.076964
vt 0.484611 0.094835
vt 0.490743 0.084008
vt 0.501411 0.101507
vt 0.506356 0.127865
vt 0.494792 0.126451
vt 0.512923 0.155794
vt 0.500787 0.081296
vt 0.499442 0.083802
vt 0.507490 0.080457
vt 0.504907 0.082950
vt 0.502394 0.191720
vt 0.501835 0.195704
vt 0.504091 0.197198
vt 0.522239 0.175433
vt 0.515991 0.169373
vt 0.512923 0.155794
vt 0.510729 0.172548
vt 0.481180 0.198122
vt 0.492984 0.194697
vt 0.495322 0.193854
vt 0.504787 0.191273
vt 0.520550 0.188190
vt 0.515435 0.189899
vt 0.511750 0.184822
vt 0.513088 0.194689
vt 0.520550 0.188190
vt 0.513087 0.194689
vt 0.488896 0.189791
vt 0.482175 0.187927
vt 0.422666 0.137734
vt 0.436677 0.148162
vt 0.440523 0.164251
vt 0.435448 0.118528
vt 0.449815 0.134909
vt 0.422666 0.137734
vt 0.564421 0.189327
vt 0.550296 0.178506
vt 0.533034 0.181768
vt 0.558814 0.165230
vt 0.533035 0.181768
vt 0.468243 0.181708
vt 0.449863 0.177863
vt 0.440523 0.164251
vt 0.434272 0.188241
vt 0.440523 0.164251
vt 0.434272 0.188241
vt 0.578494 0.272497
vt 0.567574 0.281952
vt 0.508926 0.084985
vt 0.506535 0.085345
vt 0.504907 0.082950
vt 0.504622 0.088279
vt 0.508926 0.084985
vt 0.502463 0.085411
vt 0.504907 0.082950
vt 0.504622 0.088279
vt 0.435197 0.278954
vt 0.439771 0.288070
vt 0.437168 0.295007
vt 0.447354 0.286947
vt 0.435197 0.278954
vt 0.437168 0.295007
vt 0.553732 0.294637
vt 0.563855 0.292541
vt 0.567852 0.299427
vt 0.435197 0.278954
vt 0.423786 0.272547
vt 0.422842 0.279922
vt 0.612136 0.295310
vt 0.607246 0.294699
vt 0.621885 0.259912
vt 0.617827 0.268340
vt 0.607186 0.267551
vt 0.594560 0.317620
vt 0.602559 0.316294
vt 0.606136 0.321567
vt 0.607131 0.310125
vt 0.594560 0.317620
vt 0.606136 0.321567
vt 0.426191 0.318864
vt 0.427677 0.313293
vt 0.435730 0.322705
vt 0.427677 0.313293
vt 0.589918 0.316666
vt 0.594560 0.317620
vt 0.590684 0.311009
vt 0.590684 0.311009
vt 0.395430 0.309453
vt 0.393379 0.305096
vt 0.398125 0.304138
vt 0.389736 0.302266
vt 0.431857 0.305216
vt 0.432357 0.297221
vt 0.426935 0.296696
vt 0.599708 0.281796
vt 0.600235 0.278393
vt 0.594071 0.281561
vt 0.603617 0.283693
vt 0.422842 0.279922
vt 0.422902 0.282605
vt 0.416891 0.282311
vt 0.427305 0.284606
vt 0.427305 0.284606
vt 0.558858 0.425954
vt 0.550012 0.408644
vt 0.581322 0.408256
vt 0.543156 0.391676
vt 0.446703 0.408621
vt 0.456985 0.391677
vt 0.433288 0.425904
vt 0.417752 0.408231
vt 0.425832 0.395481
vt 0.666214 0.388954
vt 0.641226 0.384352
vt 0.666930 0.354863
vt 0.688143 0.355074
vt 0.647353 0.354062
vt 0.696981 0.319897
vt 0.710071 0.321194
vt 0.407424 0.395554
vt 0.404765 0.404418
vt 0.391585 0.404871
vt 0.391585 0.404871
vt 0.417752 0.408231
vt 0.641226 0.384352
vt 0.626052 0.400634
vt 0.608234 0.405078
vt 0.634819 0.406113
vt 0.634819 0.406113
vt 0.292603 0.350070
vt 0.323816 0.352486
vt 0.355892 0.383381
vt 0.297288 0.320360
vt 0.345995 0.350688
vt 0.526208 0.046573
vt 0.521545 0.055873
vt 0.506143 0.052053
vt 0.311795 0.293094
vt 0.292848 0.298901
vt 0.297288 0.320360
vt 0.311795 0.293094
vt 0.277910 0.285498
vt 0.297288 0.320360
vt 0.666467 0.234913
vt 0.685198 0.233964
vt 0.650443 0.219659
vt 0.665566 0.246885
vt 0.685198 0.233964
vt 0.650443 0.219659
vt 0.350355 0.214414
vt 0.334478 0.231069
vt 0.315432 0.229832
vt 0.359246 0.225164
vt 0.350355 0.214414
vt 0.532400 0.035496
vt 0.528024 0.023784
vt 0.526208 0.046572
vt 0.506143 0.052053
vt 0.493488 0.054765
vt 0.487360 0.053962
vt 0.506143 0.052053
vt 0.487360 0.053962
vt 0.622870 0.102482
vt 0.584090 0.096951
vt 0.620447 0.121669
vt 0.566984 0.121391
vt 0.439273 0.054012
vt 0.437684 0.068455
vt 0.456934 0.041000
vt 0.426337 0.049617
vt 0.891858 0.045729
vt 0.852784 0.082737
vt 0.829204 0.061395
vt 0.922374 0.064228
vt 0.877210 0.107510
vt 0.816384 0.111242
vt 0.437769 0.081370
vt 0.435140 0.093021
vt 0.421859 0.106340
vt 0.449215 0.096347
vt 0.437769 0.081370
vt 0.435448 0.118528
vt 0.421859 0.106340
vt 0.449215 0.096347
vt 0.421859 0.106340
vt 0.414031 0.123135
vt 0.402639 0.121715
vt 0.435448 0.118528
vt 0.636231 0.184161
vt 0.632529 0.202645
vt 0.614420 0.203246
vt 0.650443 0.219659
vt 0.636231 0.184161
vt 0.650443 0.219659
vt 0.225396 0.010837
vt 0.240343 0.059697
vt 0.193872 0.064317
vt 0.182027 0.019034
vt 0.248375 0.110157
vt 0.202001 0.106663
vt 0.637169 0.054887
vt 0.704524 0.053020
vt 0.713749 0.082909
vt 0.696971 0.018920
vt 0.303046 0.019037
vt 0.301329 0.057180
vt 0.240343 0.059697
vt 0.305039 0.095972
vt 0.748478 0.216143
vt 0.716658 0.226593
vt 0.711388 0.203013
vt 0.753430 0.238573
vt 0.726134 0.249337
vt 0.384967 0.089863
vt 0.390302 0.113029
vt 0.402639 0.121715
vt 0.382077 0.128476
vt 0.402639 0.121715
vt 0.272487 0.248836
vt 0.282537 0.224200
vt 0.315432 0.229832
vt 0.283282 0.197315
vt 0.955004 0.109236
vt 0.906388 0.136154
vt 0.987633 0.154243
vt 0.930952 0.170794
vt 0.958963 0.357385
vt 0.929385 0.389136
vt 0.895582 0.358193
vt 0.918058 0.329486
vt 0.899807 0.420886
vt 0.867715 0.382878
vt 0.840395 0.348038
vt 0.864457 0.328208
vt 0.882609 0.306092
vt 0.063850 0.168684
vt 0.070124 0.134260
vt 0.098121 0.125383
vt 0.012367 0.154243
vt 0.047190 0.111116
vt 0.063850 0.168684
vt 0.098121 0.125383
vt 0.904364 0.251184
vt 0.945684 0.254253
vt 0.935435 0.294183
vt 0.896349 0.280678
vt 0.999860 0.253531
vt 0.979412 0.305458
vt 0.918058 0.329486
vt 0.882609 0.306092
vt 0.126907 0.381125
vt 0.094714 0.370371
vt 0.086524 0.340587
vt 0.100193 0.420886
vt 0.070615 0.389136
vt 0.041037 0.357385
vt 0.070615 0.389136
vt 0.020589 0.305458
vt 0.069668 0.299986
vt 0.086524 0.340587
vt 0.000140 0.253531
vt 0.056479 0.256148
vt 0.098800 0.253945
vt 0.112465 0.289543
vt 0.930952 0.170794
vt 0.944180 0.211722
vt 0.903303 0.218041
vt 0.993747 0.203887
vt 0.006254 0.203887
vt 0.056377 0.211779
vt 0.098291 0.217694
vt 0.829997 0.256642
vt 0.840075 0.241462
vt 0.864582 0.262634
vt 0.852922 0.281549
vt 0.851036 0.225419
vt 0.873489 0.241753
vt 0.768426 0.322945
vt 0.756733 0.318204
vt 0.767059 0.304872
vt 0.780388 0.310873
vt 0.768188 0.288531
vt 0.780388 0.310873
vt 0.156646 0.182965
vt 0.153217 0.199007
vt 0.136658 0.207099
vt 0.186501 0.190705
vt 0.167272 0.208612
vt 0.156646 0.182965
vt 0.150071 0.226082
vt 0.136658 0.207099
vt 0.167272 0.208612
vt 0.903303 0.218041
vt 0.879476 0.222273
vt 0.864915 0.207714
vt 0.904364 0.251184
vt 0.873489 0.241753
vt 0.903303 0.218041
vt 0.851036 0.225419
vt 0.864915 0.207714
vt 0.873488 0.241753
vt 0.150071 0.226082
vt 0.128884 0.243744
vt 0.122166 0.222489
vt 0.136658 0.207099
vt 0.098800 0.253944
vt 0.128884 0.243744
vt 0.136658 0.207099
vt 0.098291 0.217694
vt 0.098800 0.253945
vt 0.128884 0.243744
vt 0.141452 0.267996
vt 0.112465 0.289543
vt 0.150071 0.226082
vt 0.161920 0.242891
vt 0.158186 0.286146
vt 0.817697 0.271392
vt 0.837763 0.299021
vt 0.817579 0.315945
vt 0.864457 0.328209
vt 0.840395 0.348038
vt 0.793354 0.332752
vt 0.769871 0.341274
vt 0.808774 0.365897
vt 0.208520 0.326692
vt 0.189934 0.359939
vt 0.220206 0.293964
vt 0.244194 0.345267
vt 0.862286 0.445937
vt 0.834155 0.404673
vt 0.808774 0.365897
vt 0.756733 0.318204
vt 0.756292 0.335533
vt 0.748907 0.344578
vt 0.769871 0.341274
vt 0.756733 0.318204
vt 0.748907 0.344578
vt 0.769871 0.341274
vt 0.126907 0.381125
vt 0.171118 0.400045
vt 0.153236 0.442952
vt 0.773215 0.257715
vt 0.793988 0.249167
vt 0.750197 0.267405
vt 0.753430 0.238573
vt 0.776043 0.226234
vt 0.731754 0.268438
vt 0.753430 0.238573
vt 0.750197 0.267405
vt 0.750197 0.267405
vt 0.244800 0.238952
vt 0.244012 0.267917
vt 0.222021 0.258076
vt 0.223017 0.227267
vt 0.220206 0.293964
vt 0.203468 0.247884
vt 0.805473 0.197773
vt 0.821472 0.219863
vt 0.813373 0.232988
vt 0.186175 0.231971
vt 0.178228 0.219347
vt 0.193053 0.196483
vt 0.173208 0.257255
vt 0.161920 0.242891
vt 0.167272 0.208612
vt 0.231893 0.147065
vt 0.261950 0.168835
vt 0.240643 0.179591
vt 0.289104 0.150492
vt 0.283282 0.197315
vt 0.314032 0.129601
vt 0.305039 0.095972
vt 0.289104 0.150492
vt 0.346337 0.140962
vt 0.653844 0.156918
vt 0.613037 0.143724
vt 0.168833 0.163926
vt 0.156646 0.182965
vt 0.185407 0.147952
vt 0.196211 0.171181
vt 0.191356 0.180943
vt 0.185407 0.147952
vt 0.206098 0.141471
vt 0.208049 0.170284
vt 0.202001 0.106663
vt 0.139314 0.720732
vt 0.164785 0.737372
vt 0.147312 0.752379
vt 0.115479 0.733250
vt 0.183868 0.768879
vt 0.792211 0.123069
vt 0.816384 0.111242
vt 0.765062 0.113169
vt 0.789640 0.138253
vt 0.503315 0.910345
vt 0.552202 0.905492
vt 0.584633 0.917818
vt 0.564198 0.878913
vt 0.188732 0.876170
vt 0.201949 0.903378
vt 0.169719 0.917794
vt 0.251640 0.909644
vt 0.188732 0.876170
vt 0.169719 0.917794
vt 0.251640 0.909644
vt 0.638258 0.802058
vt 0.674535 0.809438
vt 0.624302 0.773267
vt 0.674535 0.809438
vt 0.475343 0.698695
vt 0.502605 0.709606
vt 0.487981 0.736588
vt 0.527480 0.680668
vt 0.552395 0.698046
vt 0.526702 0.722233
vt 0.509166 0.744984
vt 0.164785 0.737372
vt 0.175696 0.723961
vt 0.139314 0.720732
vt 0.162648 0.707904
vt 0.164785 0.737372
vt 0.196789 0.727637
vt 0.162648 0.707904
vt 0.545806 0.735515
vt 0.572735 0.715382
vt 0.558823 0.749508
vt 0.537811 0.763348
vt 0.255715 0.720493
vt 0.237649 0.713316
vt 0.234881 0.695504
vt 0.564198 0.878913
vt 0.549006 0.847672
vt 0.586969 0.841110
vt 0.505041 0.840935
vt 0.501218 0.815483
vt 0.548940 0.817811
vt 0.550079 0.773327
vt 0.563773 0.761848
vt 0.537812 0.763348
vt 0.584482 0.759947
vt 0.558823 0.749508
vt 0.163920 0.840491
vt 0.159047 0.825520
vt 0.188002 0.808440
vt 0.132882 0.821964
vt 0.163920 0.840491
vt 0.163920 0.840491
vt 0.203845 0.845633
vt 0.188732 0.876170
vt 0.201862 0.817917
vt 0.225019 0.821067
vt 0.253717 0.812639
vt 0.249345 0.837421
vt 0.305266 0.686489
vt 0.299524 0.653575
vt 0.345318 0.639457
vt 0.261228 0.667211
vt 0.242743 0.643392
vt 0.281774 0.619744
vt 0.342073 0.587507
vt 0.791977 0.193353
vt 0.772607 0.205494
vt 0.769047 0.191542
vt 0.776043 0.226234
vt 0.277797 0.774629
vt 0.280745 0.793742
vt 0.301897 0.749790
vt 0.424510 0.737136
vt 0.434052 0.727743
vt 0.437448 0.708092
vt 0.424510 0.737136
vt 0.448589 0.746613
vt 0.437448 0.708093
vt 0.316479 0.715003
vt 0.318622 0.730661
vt 0.301897 0.749790
vt 0.316479 0.715003
vt 0.329115 0.742367
vt 0.404401 0.767084
vt 0.417011 0.767423
vt 0.426885 0.804822
vt 0.426885 0.804822
vt 0.445240 0.834219
vt 0.451568 0.867380
vt 0.463554 0.826895
vt 0.426885 0.804822
vt 0.451568 0.867380
vt 0.276142 0.818065
vt 0.280745 0.793742
vt 0.290312 0.824682
vt 0.253717 0.812639
vt 0.249345 0.837421
vt 0.255715 0.720493
vt 0.270997 0.725589
vt 0.269034 0.740897
vt 0.285673 0.715116
vt 0.592715 0.639235
vt 0.559175 0.655749
vt 0.532303 0.630816
vt 0.610662 0.662974
vt 0.581357 0.676552
vt 0.552394 0.698046
vt 0.527480 0.680668
vt 0.220331 0.772169
vt 0.230395 0.764598
vt 0.245851 0.764354
vt 0.223181 0.750562
vt 0.220331 0.772169
vt 0.245851 0.764354
vt 0.223181 0.750562
vt 0.210119 0.788916
vt 0.207289 0.777887
vt 0.220331 0.772169
vt 0.183868 0.768879
vt 0.210119 0.788916
vt 0.220331 0.772169
vt 0.165806 0.673528
vt 0.187586 0.649975
vt 0.215740 0.666021
vt 0.138428 0.661818
vt 0.156473 0.637457
vt 0.178636 0.609647
vt 0.213194 0.623642
vt 0.625060 0.681878
vt 0.600177 0.695495
vt 0.640188 0.698732
vt 0.618780 0.712108
vt 0.572735 0.715382
vt 0.139314 0.720732
vt 0.143023 0.691252
vt 0.162648 0.707904
vt 0.122941 0.680447
vt 0.656686 0.628240
vt 0.625478 0.632710
vt 0.604976 0.601194
vt 0.639014 0.661669
vt 0.618780 0.712108
vt 0.636641 0.722949
vt 0.655345 0.716319
vt 0.047149 0.720809
vt 0.056117 0.706370
vt 0.023095 0.698475
vt 0.049061 0.684124
vt 0.047149 0.720809
vt 0.049061 0.684124
vt 0.024998 0.641849
vt 0.041974 0.654416
vt 0.049061 0.684125
vt 0.053816 0.634352
vt 0.049061 0.684124
vt 0.696720 0.636120
vt 0.680495 0.618699
vt 0.686223 0.591675
vt 0.656686 0.628240
vt 0.696720 0.636120
vt 0.124685 0.632254
vt 0.178636 0.609647
vt 0.156473 0.637457
vt 0.138428 0.661818
vt 0.111123 0.661291
vt 0.532303 0.630816
vt 0.501634 0.599081
vt 0.467515 0.563371
vt 0.717709 0.538143
vt 0.720832 0.563585
vt 0.695406 0.571376
vt 0.680587 0.561582
vt 0.686223 0.591675
vt 0.720832 0.563586
vt 0.680587 0.561582
vt 0.245647 0.595002
vt 0.282711 0.563371
vt 0.213194 0.623642
s 0
f 25/1/1 588/2/1 686/3/1 201/4/1
f 1/5/2 202/6/2 686/3/2 588/7/2
f 23/8/3 201/4/3 686/3/3 202/9/3
f 2/10/4 578/11/4 687/12/4 203/13/4
f 20/14/5 237/15/5 687/12/5 578/16/5
f 24/17/6 203/18/6 687/12/6 237/19/6
f 1/5/7 581/20/7 688/21/7 204/22/7
f 6/23/8 207/24/8 688/21/8 581/25/8
f 3/26/9 204/27/9 688/21/9 207/28/9
f 5/29/10 580/30/10 689/31/10 208/32/10
f 2/10/11 206/33/11 689/31/11 580/30/11
f 4/34/12 208/32/12 689/31/12 206/35/12
f 27/36/13 241/37/13 690/38/13 209/39/13
f 7/40/14 211/41/14 690/38/14 241/37/14
f 6/23/15 209/39/15 690/38/15 211/42/15
f 26/43/16 242/44/16 691/45/16 212/46/16
f 28/47/17 210/48/17 691/45/17 242/49/17
f 5/29/18 212/50/18 691/45/18 210/48/18
f 11/51/19 583/52/19 692/53/19 584/54/19
f 8/55/20 213/56/20 692/53/20 583/57/20
f 7/40/21 584/54/21 692/53/21 213/56/21
f 7/40/22 218/58/22 693/59/22 584/60/22
f 12/61/23 219/62/23 693/59/23 218/63/23
f 11/51/24 584/64/24 693/59/24 219/65/24
f 13/66/25 585/67/25 694/68/25 586/69/25
f 26/43/26 217/70/26 694/68/26 585/71/26
f 10/72/27 586/73/27 694/68/27 217/74/27
f 13/66/28 586/75/28 695/76/28 223/77/28
f 10/72/29 222/78/29 695/76/29 586/73/29
f 15/79/30 223/77/30 695/76/30 222/78/30
f 23/8/31 236/80/31 696/81/31 201/82/31
f 21/83/32 232/84/32 696/81/32 236/80/32
f 25/1/33 201/82/33 696/81/33 232/85/33
f 27/36/34 240/86/34 697/87/34 239/88/34
f 1/5/35 588/89/35 697/87/35 240/90/35
f 25/1/36 239/91/36 697/87/36 588/92/36
f 20/14/37 578/93/37 698/94/37 247/95/37
f 2/10/38 238/96/38 698/94/38 578/93/38
f 28/47/39 247/97/39 698/94/39 238/98/39
f 27/36/40 243/99/40 699/100/40 241/101/40
f 12/61/41 218/58/41 699/100/41 243/99/41
f 7/40/42 241/37/42 699/100/42 218/102/42
f 26/43/43 585/103/43 700/104/43 242/105/43
f 13/66/44 244/106/44 700/104/44 585/107/44
f 28/47/45 242/44/45 700/104/45 244/106/45
f 27/36/46 245/108/46 701/109/46 243/110/46
f 19/111/47 229/112/47 701/109/47 245/113/47
f 12/61/48 243/114/48 701/109/48 229/115/48
f 13/66/49 228/116/49 702/117/49 244/118/49
f 18/119/50 246/120/50 702/117/50 228/121/50
f 28/47/51 244/118/51 702/117/51 246/122/51
f 27/36/52 239/123/52 703/124/52 245/125/52
f 25/1/53 230/126/53 703/124/53 239/127/53
f 19/111/54 245/128/54 703/124/54 230/126/54
f 18/129/55 231/130/55 704/131/55 246/120/55
f 20/14/56 247/132/56 704/131/56 231/130/56
f 28/47/57 246/133/57 704/131/57 247/134/57
f 66/135/58 248/136/58 705/137/58 252/138/58
f 68/139/59 251/140/59 705/137/59 248/141/59
f 37/142/60 252/143/60 705/137/60 251/140/60
f 61/144/61 277/145/61 706/146/61 276/147/61
f 44/148/62 593/149/62 706/146/62 277/150/62
f 59/151/63 276/152/63 706/146/63 593/153/63
f 45/154/64 279/155/64 707/156/64 278/157/64
f 62/158/65 594/159/65 707/156/65 279/160/65
f 43/161/66 278/162/66 707/156/66 594/163/66
f 53/164/67 597/165/67 708/166/67 286/167/67
f 63/168/68 283/169/68 708/166/68 597/170/68
f 61/144/69 286/171/69 708/166/69 283/172/69
f 59/151/70 598/173/70 709/174/70 276/152/70
f 53/164/71 286/175/71 709/174/71 598/173/71
f 61/144/72 276/176/72 709/174/72 286/171/72
f 57/177/73 600/178/73 710/179/73 294/180/73
f 50/181/74 293/182/74 710/179/74 600/178/74
f 48/183/75 294/180/75 710/179/75 293/184/75
f 64/185/76 601/186/76 711/187/76 261/188/76
f 49/189/77 292/190/77 711/187/77 601/186/77
f 58/191/78 261/192/78 711/187/78 292/193/78
f 48/183/79 604/194/79 712/195/79 294/196/79
f 69/197/80 297/198/80 712/195/80 604/194/80
f 57/177/81 294/199/81 712/195/81 297/200/81
f 69/197/82 605/201/82 713/202/82 298/203/82
f 70/204/83 295/205/83 713/202/83 605/206/83
f 64/185/84 298/207/84 713/202/84 295/205/84
f 70/204/85 605/206/85 714/208/85 302/209/85
f 69/197/86 603/210/86 714/208/86 605/206/86
f 90/211/87 302/212/87 714/208/87 603/213/87
f 68/139/88 303/214/88 715/215/88 249/216/88
f 76/217/89 304/218/89 715/215/89 303/219/89
f 67/220/90 249/216/90 715/215/90 304/221/90
f 77/222/91 606/223/91 716/224/91 324/225/91
f 66/135/92 306/226/92 716/224/92 606/223/92
f 78/227/93 324/228/93 716/224/93 306/229/93
f 65/230/94 607/231/94 717/232/94 255/233/94
f 78/227/95 306/234/95 717/232/95 607/235/95
f 66/135/96 255/236/96 717/232/96 306/234/96
f 57/177/97 609/237/97 718/238/97 617/239/97
f 73/240/98 308/241/98 718/238/98 609/237/98
f 65/230/99 617/242/99 718/238/99 308/243/99
f 71/244/100 309/245/100 719/246/100 608/247/100
f 64/185/101 321/248/101 719/246/101 309/249/101
f 75/250/102 608/251/102 719/246/102 321/252/102
f 72/253/103 610/254/103 720/255/103 311/256/103
f 57/177/104 310/257/104 720/255/104 610/258/104
f 56/259/105 311/256/105 720/255/105 310/260/105
f 29/261/106 611/262/106 721/263/106 313/264/106
f 56/265/106 312/266/106 721/263/106 611/262/106
f 55/267/106 313/264/106 721/263/106 312/266/106
f 29/261/107 611/262/107 722/268/107 314/269/107
f 56/259/108 616/270/108 722/268/108 611/262/108
f 64/185/109 314/269/109 722/268/109 616/271/109
f 75/250/110 613/272/110 723/273/110 608/274/110
f 74/275/111 614/276/111 723/273/111 613/277/111
f 71/278/112 608/274/112 723/273/112 614/279/112
f 14/280/113 220/281/113 724/282/113 225/283/113
f 220/281/114 12/61/114 229/284/114 724/282/114
f 724/282/115 229/284/115 19/285/115 224/286/115
f 225/283/116 724/282/116 224/286/116 16/287/116
f 72/253/117 615/288/117 725/289/117 318/290/117
f 74/275/118 317/291/118 725/289/118 615/292/118
f 73/293/119 318/294/119 725/289/119 317/295/119
f 74/275/120 615/292/120 726/296/120 614/297/120
f 72/253/121 319/298/121 726/296/121 615/288/121
f 71/299/122 614/279/122 726/296/122 319/300/122
f 56/259/123 310/301/123 727/302/123 320/303/123
f 57/177/124 297/304/124 727/302/124 310/257/124
f 69/197/125 320/305/125 727/302/125 297/198/125
f 64/185/126 616/271/126 728/306/126 298/307/126
f 56/259/127 320/308/127 728/306/127 616/309/127
f 69/197/128 298/207/128 728/306/128 320/305/128
f 137/310/129 618/311/129 729/312/129 322/313/129
f 65/230/130 254/314/130 729/312/130 618/315/130
f 34/316/131 322/313/131 729/312/131 254/317/131
f 79/318/132 620/319/132 730/320/132 331/321/132
f 76/217/133 326/322/133 730/320/133 620/319/133
f 81/323/134 331/324/134 730/320/134 326/322/134
f 78/227/135 621/325/135 731/326/135 329/327/135
f 79/318/136 330/328/136 731/326/136 621/325/136
f 80/329/137 329/327/137 731/326/137 330/330/137
f 81/323/138 327/331/138 732/332/138 331/321/138
f 80/333/139 330/334/139 732/332/139 327/335/139
f 79/318/140 331/336/140 732/332/140 330/337/140
f 50/181/141 623/338/141 733/339/141 335/340/141
f 85/341/142 630/342/142 733/339/142 623/343/142
f 96/344/143 335/345/143 733/339/143 630/346/143
f 87/347/144 622/348/144 734/349/144 339/350/144
f 49/189/145 338/351/145 734/349/145 622/352/145
f 88/353/146 339/350/146 734/349/146 338/354/146
f 86/355/147 624/356/147 735/357/147 341/358/147
f 49/189/148 622/348/148 735/357/148 624/359/148
f 87/347/149 341/360/149 735/357/149 622/361/149
f 51/362/150 290/363/150 736/364/150 340/365/150
f 52/366/151 342/367/151 736/364/151 290/363/151
f 85/341/152 340/368/152 736/364/152 342/369/152
f 53/164/153 625/370/153 737/371/153 347/372/153
f 84/373/154 346/374/154 737/371/154 625/375/154
f 83/376/155 347/372/155 737/371/155 346/377/155
f 89/378/156 349/379/156 738/380/156 626/381/156
f 91/382/157 348/383/157 738/380/157 349/379/157
f 54/384/158 626/385/158 738/380/158 348/386/158
f 53/164/159 347/387/159 739/388/159 350/389/159
f 83/376/160 352/390/160 739/388/160 347/372/160
f 102/391/161 350/392/161 739/388/161 352/390/161
f 101/393/162 354/394/162 740/395/162 345/396/162
f 100/397/163 353/398/163 740/395/163 354/399/163
f 52/366/164 345/400/164 740/395/164 353/401/164
f 84/373/165 343/402/165 741/403/165 355/404/165
f 86/355/166 358/405/166 741/403/166 343/406/166
f 99/407/167 355/408/167 741/403/167 358/405/167
f 85/341/168 356/409/168 742/410/168 359/411/168
f 98/412/169 360/413/169 742/410/169 356/414/169
f 97/415/170 359/416/170 742/410/170 360/417/170
f 96/418/171 362/419/171 743/420/171 336/421/171
f 94/422/172 363/423/172 743/420/172 362/424/172
f 103/425/173 336/426/173 743/420/173 363/427/173
f 95/428/174 632/429/174 744/430/174 364/431/174
f 82/432/175 370/433/175 744/430/175 632/429/175
f 104/434/176 364/435/176 744/430/176 370/436/176
f 89/378/177 365/437/177 745/438/177 349/439/177
f 92/440/178 366/441/178 745/438/178 365/442/178
f 91/382/179 349/443/179 745/438/179 366/444/179
f 93/445/180 633/446/180 746/447/180 367/448/180
f 90/211/181 628/449/181 746/447/181 633/450/181
f 102/391/182 367/451/182 746/447/182 628/449/182
f 89/378/183 634/452/183 747/453/183 365/437/183
f 103/454/184 368/455/184 747/453/184 634/456/184
f 92/440/185 365/457/185 747/453/185 368/458/185
f 106/459/186 635/460/186 748/461/186 460/462/186
f 47/463/187 371/464/187 748/461/187 635/465/187
f 105/466/188 460/462/188 748/461/188 371/467/188
f 43/161/189 637/468/189 749/469/189 278/470/189
f 108/471/190 372/472/190 749/469/190 637/468/190
f 45/473/191 278/157/191 749/469/191 372/474/191
f 44/148/192 636/475/192 750/476/192 378/477/192
f 107/478/193 377/479/193 750/476/193 636/480/193
f 109/481/194 378/482/194 750/476/194 377/483/194
f 40/484/195 638/485/195 751/486/195 268/487/195
f 111/488/196 381/489/196 751/486/196 638/485/196
f 41/490/197 268/491/197 751/486/197 381/492/197
f 135/493/198 388/494/198 752/495/198 387/496/198
f 133/497/199 643/498/199 752/495/199 388/499/199
f 131/500/200 387/496/200 752/495/200 643/501/200
f 135/502/201 391/503/201 753/504/201 390/505/201
f 134/506/202 389/507/202 753/504/202 391/508/202
f 118/509/203 390/505/203 753/504/203 389/510/203
f 135/493/204 390/511/204 754/512/204 388/513/204
f 118/514/205 392/515/205 754/512/205 390/516/205
f 133/497/206 388/513/206 754/512/206 392/517/206
f 136/518/207 641/519/207 755/520/207 396/521/207
f 36/522/208 642/523/208 755/520/208 641/519/208
f 132/524/209 396/525/209 755/520/209 642/526/209
f 37/142/210 395/527/210 756/528/210 397/529/210
f 134/506/211 398/530/211 756/528/211 395/531/211
f 138/532/212 397/533/212 756/528/212 398/534/212
f 132/535/213 642/536/213 757/537/213 399/538/213
f 36/522/214 400/539/214 757/537/214 642/536/214
f 133/497/215 399/540/215 757/537/215 400/541/215
f 134/506/216 391/508/216 758/542/216 398/543/216
f 135/502/217 386/544/217 758/542/217 391/508/217
f 138/532/218 398/543/218 758/542/218 386/545/218
f 132/546/219 401/547/219 759/548/219 396/521/219
f 118/514/220 640/549/220 759/548/220 401/547/220
f 136/518/221 396/550/221 759/548/221 640/549/221
f 130/551/222 404/552/222 760/553/222 403/554/222
f 137/310/223 322/313/223 760/553/223 404/555/223
f 34/556/224 403/557/224 760/553/224 322/558/224
f 33/559/225 262/560/225 761/561/225 405/562/225
f 39/563/226 384/564/226 761/561/226 262/560/226
f 113/565/227 405/566/227 761/561/227 384/567/227
f 129/568/228 647/569/228 762/570/228 485/571/228
f 117/572/229 408/573/229 762/570/229 647/569/229
f 154/574/230 485/575/230 762/570/230 408/576/230
f 139/577/231 648/578/231 763/579/231 407/580/231
f 32/581/232 409/582/232 763/579/232 648/583/232
f 117/584/233 407/585/233 763/579/233 409/586/233
f 153/587/234 651/588/234 764/589/234 446/590/234
f 152/591/235 445/592/235 764/589/235 651/593/235
f 200/594/236 446/595/236 764/589/236 445/592/236
f 147/596/237 653/597/237 765/598/237 442/599/237
f 143/600/238 452/601/238 765/598/238 653/597/238
f 150/602/239 442/603/239 765/598/239 452/601/239
f 105/604/240 655/605/240 766/606/240 656/607/240
f 108/608/241 376/609/241 766/606/241 655/605/241
f 145/610/242 656/611/242 766/606/242 376/609/242
f 107/612/243 373/613/243 767/614/243 377/615/243
f 106/616/244 459/617/244 767/614/244 373/613/244
f 109/618/245 377/619/245 767/614/245 459/620/245
f 105/604/246 656/611/246 768/621/246 460/622/246
f 145/610/247 458/623/247 768/621/247 656/624/247
f 106/625/248 460/622/248 768/621/248 458/623/248
f 112/626/249 382/627/249 769/628/249 419/629/249
f 110/630/250 462/631/250 769/628/250 382/632/250
f 120/633/251 419/634/251 769/628/251 462/635/251
f 155/636/252 467/637/252 770/638/252 464/639/252
f 149/640/253 441/641/253 770/638/253 467/642/253
f 148/643/254 464/644/254 770/638/254 441/641/254
f 150/602/255 468/645/255 771/646/255 442/603/255
f 183/647/256 465/648/256 771/646/256 468/649/256
f 147/650/257 442/603/257 771/646/257 465/651/257
f 139/577/258 659/652/258 772/653/258 412/654/258
f 156/655/259 470/656/259 772/653/259 659/657/259
f 138/532/260 412/658/260 772/653/260 470/656/260
f 156/655/261 475/659/261 773/660/261 474/661/261
f 125/662/262 473/663/262 773/660/262 475/659/262
f 123/664/263 474/665/263 773/660/263 473/666/263
f 114/667/264 478/668/264 774/669/264 415/670/264
f 156/655/265 474/671/265 774/669/265 478/672/265
f 123/664/266 415/673/266 774/669/266 474/665/266
f 130/551/267 402/674/267 775/675/267 480/676/267
f 138/532/268 470/656/268 775/675/268 402/674/268
f 156/655/269 480/676/269 775/675/269 470/656/269
f 113/565/270 472/677/270 776/678/270 405/679/270
f 131/500/271 649/680/271 776/678/271 472/677/271
f 33/559/272 405/681/272 776/678/272 649/682/272
f 127/683/273 657/684/273 777/685/273 481/686/273
f 153/587/274 446/687/274 777/685/274 657/688/274
f 200/594/275 481/689/275 777/685/275 446/690/275
f 122/691/276 422/692/276 778/693/276 482/694/276
f 129/568/277 485/571/277 778/693/277 422/692/277
f 154/574/278 482/694/278 778/693/278 485/575/278
f 156/655/279 658/695/279 779/696/279 475/659/279
f 127/683/280 486/697/280 779/696/280 658/698/280
f 125/662/281 475/699/281 779/696/281 486/700/281
f 163/701/282 498/702/282 780/703/282 497/704/282
f 162/705/283 496/706/283 780/703/283 498/702/283
f 176/707/284 497/708/284 780/703/284 496/709/284
f 167/710/285 499/711/285 781/712/285 495/713/285
f 168/714/286 679/715/286 781/712/286 499/711/286
f 193/716/287 495/713/287 781/712/287 679/717/287
f 171/718/288 664/719/288 782/720/288 505/721/288
f 160/722/289 506/723/289 782/720/289 664/724/289
f 159/725/290 505/726/290 782/720/290 506/723/290
f 174/727/291 513/728/291 783/729/291 511/730/291
f 175/731/292 663/732/292 783/729/292 513/733/292
f 160/722/293 511/734/293 783/729/293 663/735/293
f 186/736/294 665/737/294 784/738/294 515/739/294
f 167/710/295 494/740/295 784/738/295 665/741/295
f 166/742/296 515/743/296 784/738/296 494/744/296
f 125/662/297 522/745/297 785/746/297 473/666/297
f 182/747/298 521/748/298 785/746/298 522/745/298
f 123/664/299 473/749/299 785/746/299 521/750/299
f 126/751/300 477/752/300 786/753/300 524/754/300
f 124/755/301 523/756/301 786/753/301 477/757/301
f 181/758/302 524/754/302 786/753/302 523/759/302
f 170/760/303 526/761/303 787/762/303 525/763/303
f 182/764/304 522/765/304 787/762/304 526/766/304
f 125/767/305 525/763/305 787/762/305 522/765/305
f 124/755/306 417/768/306 788/769/306 671/770/306
f 120/771/307 466/772/307 788/769/307 417/773/307
f 183/647/308 671/774/308 788/769/308 466/775/308
f 155/776/309 666/777/309 789/778/309 529/779/309
f 172/780/310 490/781/310 789/778/310 666/777/310
f 164/782/311 529/779/311 789/778/311 490/783/311
f 165/784/312 530/785/312 790/786/312 660/787/312
f 183/788/313 531/789/313 790/786/313 530/790/313
f 158/791/314 660/792/314 790/786/314 531/789/314
f 170/760/315 509/793/315 791/794/315 526/766/315
f 173/795/316 668/796/316 791/794/316 509/797/316
f 182/764/317 526/766/317 791/794/317 668/798/317
f 185/799/318 667/800/318 792/801/318 532/802/318
f 171/718/319 527/803/319 792/801/319 667/800/319
f 181/804/320 532/802/320 792/801/320 527/803/320
f 183/788/321 537/805/321 793/806/321 536/807/321
f 179/808/322 534/809/322 793/806/322 537/810/322
f 181/804/323 536/807/323 793/806/323 534/811/323
f 183/788/324 530/790/324 794/812/324 537/805/324
f 165/784/325 539/813/325 794/812/325 530/785/325
f 179/808/326 537/814/326 794/812/326 539/813/326
f 124/755/327 671/815/327 795/816/327 523/817/327
f 183/647/328 536/818/328 795/816/328 671/819/328
f 181/758/329 523/756/329 795/816/329 536/818/329
f 180/820/330 672/821/330 796/822/330 538/823/330
f 184/824/331 518/825/331 796/822/331 672/826/331
f 172/780/332 538/827/332 796/822/332 518/828/332
f 173/795/333 547/829/333 797/830/333 540/831/333
f 189/832/334 544/833/334 797/830/334 547/834/334
f 180/820/335 540/835/335 797/830/335 544/836/335
f 180/820/336 544/836/336 798/837/336 672/838/336
f 189/832/337 546/839/337 798/837/337 544/836/337
f 184/840/338 672/841/338 798/837/338 546/842/338
f 188/843/339 676/844/339 799/845/339 508/846/339
f 189/832/340 547/834/340 799/845/340 676/847/340
f 173/795/341 508/848/341 799/845/341 547/829/341
f 190/849/342 548/850/342 800/851/342 545/852/342
f 174/727/343 674/853/343 800/851/343 548/854/343
f 185/799/344 545/855/344 800/851/344 674/853/344
f 189/832/345 676/856/345 801/857/345 549/858/345
f 188/843/346 543/859/346 801/857/346 676/856/346
f 187/860/347 549/858/347 801/857/347 543/861/347
f 189/832/348 549/862/348 802/863/348 550/864/348
f 187/860/349 542/865/349 802/863/349 549/862/349
f 167/710/350 550/866/350 802/863/350 542/867/350
f 186/868/351 678/869/351 803/870/351 665/871/351
f 189/832/352 550/872/352 803/870/352 678/869/352
f 167/710/353 665/873/353 803/870/353 550/872/353
f 190/849/354 552/874/354 804/875/354 551/876/354
f 177/877/355 516/878/355 804/875/355 552/879/355
f 176/707/356 551/880/356 804/875/356 516/881/356
f 184/882/357 546/839/357 805/883/357 541/884/357
f 189/832/358 678/869/358 805/883/358 546/839/358
f 186/885/359 541/886/359 805/883/359 678/887/359
f 177/888/360 552/889/360 806/890/360 519/891/360
f 190/849/361 675/892/361 806/890/361 552/879/361
f 178/893/362 519/894/362 806/890/362 675/892/362
f 161/895/363 501/896/363 807/897/363 562/898/363
f 162/705/364 564/899/364 807/897/364 501/896/364
f 195/900/365 562/901/365 807/897/365 564/902/365
f 193/716/366 566/903/366 808/904/366 662/905/366
f 192/906/367 565/907/367 808/904/367 566/908/367
f 166/909/368 662/905/368 808/904/368 565/907/368
f 166/909/369 565/910/369 809/911/369 661/912/369
f 192/906/370 567/913/370 809/911/370 565/914/370
f 164/915/371 661/916/371 809/911/371 567/917/371
f 158/918/372 571/919/372 810/920/372 568/921/372
f 121/922/373 570/923/373 810/920/373 571/919/373
f 191/924/374 568/921/374 810/920/374 570/923/374
f 192/906/375 575/925/375 811/926/375 572/927/375
f 194/928/376 560/929/376 811/926/376 575/930/376
f 196/931/377 572/932/377 811/926/377 560/933/377
f 195/900/378 683/934/378 812/935/378 561/936/378
f 191/924/379 574/937/379 812/935/379 683/934/379
f 197/938/380 561/939/380 812/935/380 574/940/380
f 192/906/381 566/941/381 813/942/381 575/943/381
f 193/716/382 563/944/382 813/942/382 566/903/382
f 194/945/383 575/946/383 813/942/383 563/947/383
f 195/948/384 564/949/384 814/950/384 683/934/384
f 162/705/385 680/951/385 814/950/385 564/952/385
f 191/924/386 683/934/386 814/950/386 680/953/386
f 183/954/387 469/955/387 815/956/387 531/957/387
f 121/922/388 571/919/388 815/956/388 469/958/388
f 158/918/389 531/959/389 815/956/389 571/919/389
f 200/960/390 573/961/390 816/962/390 481/963/390
f 198/964/391 576/965/391 816/962/391 573/961/391
f 127/966/392 481/967/392 816/962/392 576/968/392
f 199/969/393 685/970/393 817/971/393 577/972/393
f 121/922/394 484/973/394 817/971/394 685/974/394
f 128/975/395 577/972/395 817/971/395 484/973/395
f 23/8/396 202/976/396 818/977/396 205/978/396
f 1/5/397 204/979/397 818/977/397 202/976/397
f 3/26/398 205/978/398 818/977/398 204/979/398
f 4/34/399 206/980/399 819/981/399 579/982/399
f 2/10/400 203/983/400 819/981/400 206/980/400
f 24/17/401 579/984/401 819/981/401 203/983/401
f 1/5/402 240/90/402 820/985/402 581/986/402
f 27/36/403 209/987/403 820/985/403 240/988/403
f 6/23/404 581/989/404 820/985/404 209/990/404
f 5/29/405 210/991/405 821/992/405 580/993/405
f 28/47/406 238/96/406 821/992/406 210/994/406
f 2/10/407 580/30/407 821/992/407 238/995/407
f 6/23/408 211/41/408 822/996/408 582/997/408
f 7/40/409 213/998/409 822/996/409 211/42/409
f 8/55/410 582/999/410 822/996/410 213/1000/410
f 9/1001/411 215/1002/411 823/1003/411 214/1004/411
f 26/43/412 212/46/412 823/1003/412 215/1005/412
f 5/29/413 214/1004/413 823/1003/413 212/1006/413
f 10/72/414 217/1007/414 824/1008/414 216/1009/414
f 26/43/415 215/1010/415 824/1008/415 217/70/415
f 9/1001/416 216/1009/416 824/1008/416 215/1005/416
f 12/61/417 220/1011/417 825/1012/417 219/1013/417
f 14/280/418 221/1014/418 825/1012/418 220/1011/418
f 11/51/419 219/1015/419 825/1012/419 221/1014/419
f 15/79/420 226/1016/420 826/1017/420 223/1018/420
f 226/1016/421 17/1019/421 227/1020/421 826/1017/421
f 826/1017/422 227/1020/422 18/1021/422 228/1022/422
f 223/1018/423 826/1017/423 228/1022/423 13/66/423
f 16/287/424 224/286/424 827/1023/424 233/1024/424
f 224/286/425 19/285/425 230/126/425 827/1023/425
f 827/1023/426 230/126/426 25/1/426 232/84/426
f 233/1024/427 827/1023/427 232/84/427 21/83/427
f 17/1019/428 234/1025/428 828/1026/428 227/1020/428
f 234/1025/429 22/1027/429 235/1028/429 828/1026/429
f 828/1026/430 235/1028/430 20/14/430 231/130/430
f 227/1020/431 828/1026/431 231/130/431 18/1021/431
f 66/135/432 252/138/432 829/1029/432 255/1030/432
f 252/138/433 37/142/433 253/1031/433 829/1029/433
f 829/1029/434 253/1031/434 34/316/434 254/1032/434
f 255/1030/435 829/1029/435 254/1032/435 65/230/435
f 24/17/436 237/1033/436 830/1034/436 587/1035/436
f 20/14/437 235/1036/437 830/1034/437 237/1033/437
f 22/1027/438 587/1035/438 830/1034/438 235/1028/438
f 67/220/439 589/1037/439 831/1038/439 249/1039/439
f 36/522/440 250/1040/440 831/1038/440 589/1041/440
f 68/139/441 249/1042/441 831/1038/441 250/1043/441
f 35/1044/442 258/1045/442 832/1046/442 257/1047/442
f 258/1045/443 36/522/443 589/1041/443 832/1046/443
f 832/1046/444 589/1041/444 67/220/444 256/1048/444
f 257/1047/445 832/1046/445 256/1048/445 75/250/445
f 50/181/446 600/178/446 833/1049/446 260/1050/446
f 600/178/447 57/177/447 259/1051/447 833/1049/447
f 833/1049/448 259/1051/448 137/310/448 646/1052/448
f 260/1050/449 833/1049/449 646/1052/449 38/1053/449
f 33/559/450 263/1054/450 834/1055/450 262/1056/450
f 263/1054/451 64/185/451 261/188/451 834/1055/451
f 834/1055/452 261/188/452 58/191/452 590/1057/452
f 262/1056/453 834/1055/453 590/1057/453 39/1058/453
f 51/362/454 265/1059/454 835/1060/454 270/1061/454
f 265/1059/455 40/484/455 268/487/455 835/1060/455
f 835/1060/456 268/487/456 41/490/456 269/1062/456
f 270/1061/457 835/1060/457 269/1062/457 60/1063/457
f 38/1053/458 591/1064/458 836/1065/458 260/1066/458
f 51/362/459 291/1067/459 836/1065/459 591/1064/459
f 50/181/460 260/1050/460 836/1065/460 291/1068/460
f 38/1053/461 264/1069/461 837/1070/461 591/1071/461
f 40/484/462 265/1072/462 837/1070/462 264/1073/462
f 51/362/463 591/1071/463 837/1070/463 265/1072/463
f 58/191/464 266/1074/464 838/1075/464 590/1076/464
f 112/626/465 267/1077/465 838/1075/465 266/1078/465
f 39/1079/466 590/1057/466 838/1075/466 267/1080/466
f 58/191/467 271/1081/467 839/1082/467 266/1078/467
f 271/1081/468 59/151/468 592/1083/468 839/1082/468
f 839/1082/469 592/1083/469 42/1084/469 272/1085/469
f 266/1078/470 839/1082/470 272/1085/470 112/626/470
f 60/1063/471 269/1062/471 840/1086/471 274/1087/471
f 269/1062/472 41/490/472 273/1088/472 840/1086/472
f 840/1086/473 273/1088/473 43/161/473 594/159/473
f 274/1087/474 840/1086/474 594/159/474 62/158/474
f 62/158/475 279/160/475 841/1089/475 282/1090/475
f 279/160/476 45/473/476 281/1091/476 841/1089/476
f 841/1089/477 281/1091/477 47/463/477 596/1092/477
f 282/1090/478 841/1089/478 596/1092/478 63/168/478
f 44/148/479 275/1093/479 842/1094/479 593/1095/479
f 42/1096/480 592/1097/480 842/1094/480 275/1098/480
f 59/151/481 593/149/481 842/1094/481 592/1097/481
f 46/1099/482 280/1100/482 843/1101/482 595/1102/482
f 44/148/483 277/150/483 843/1101/483 280/1103/483
f 61/144/484 595/1104/484 843/1101/484 277/1105/484
f 61/144/485 283/172/485 844/1106/485 595/1107/485
f 283/172/486 63/168/486 596/1092/486 844/1106/486
f 844/1106/487 596/1092/487 47/463/487 284/1108/487
f 595/1107/488 844/1106/488 284/1108/488 46/1109/488
f 63/168/489 299/1110/489 845/1111/489 282/1112/489
f 299/1110/490 89/378/490 626/381/490 845/1111/490
f 845/1111/491 626/381/491 54/384/491 285/1113/491
f 282/1112/492 845/1111/492 285/1113/492 62/158/492
f 54/384/493 287/1114/493 846/1115/493 285/1116/493
f 287/1114/494 52/366/494 288/1117/494 846/1115/494
f 846/1115/495 288/1117/495 60/1118/495 274/1119/495
f 285/1116/496 846/1115/496 274/1119/496 62/158/496
f 84/373/497 289/1120/497 847/1121/497 343/1122/497
f 289/1120/498 59/151/498 271/1081/498 847/1121/498
f 847/1121/499 271/1081/499 58/191/499 599/1123/499
f 343/1122/500 847/1121/500 599/1123/500 86/355/500
f 59/151/501 289/1124/501 848/1125/501 598/1126/501
f 84/373/502 625/1127/502 848/1125/502 289/1124/502
f 53/164/503 598/173/503 848/1125/503 625/375/503
f 51/362/504 270/1128/504 849/1129/504 290/1130/504
f 60/1131/505 288/1132/505 849/1129/505 270/1133/505
f 52/366/506 290/1134/506 849/1129/506 288/1135/506
f 69/197/507 604/1136/507 850/1137/507 301/1138/507
f 604/1136/508 48/183/508 300/1139/508 850/1137/508
f 850/1137/509 300/1139/509 89/378/509 299/1110/509
f 301/1138/510 850/1137/510 299/1110/510 63/168/510
f 58/191/511 292/1140/511 851/1141/511 599/1142/511
f 49/189/512 624/1143/512 851/1141/512 292/190/512
f 86/355/513 599/1123/513 851/1141/513 624/1144/513
f 64/185/514 295/1145/514 852/1146/514 601/1147/514
f 70/204/515 296/1148/515 852/1146/515 295/1145/515
f 49/189/516 601/1149/516 852/1146/516 296/1150/516
f 63/168/517 597/1151/517 853/1152/517 602/1153/517
f 53/164/518 627/1154/518 853/1152/518 597/165/518
f 90/211/519 602/1153/519 853/1152/519 627/1155/519
f 68/139/520 248/141/520 854/1156/520 303/1157/520
f 248/141/521 66/135/521 606/223/521 854/1156/521
f 854/1156/522 606/223/522 77/222/522 325/1158/522
f 303/1157/523 854/1156/523 325/1158/523 76/217/523
f 69/197/524 301/1138/524 855/1159/524 603/210/524
f 63/168/525 602/1160/525 855/1159/525 301/1161/525
f 90/211/526 603/1162/526 855/1159/526 602/1163/526
f 75/250/527 256/1048/527 856/1164/527 613/1165/527
f 256/1048/528 67/220/528 305/1166/528 856/1164/528
f 856/1164/529 305/1166/529 79/318/529 307/1167/529
f 613/1165/530 856/1164/530 307/1167/530 74/275/530
f 76/217/531 620/1168/531 857/1169/531 304/1170/531
f 79/318/532 305/1171/532 857/1169/532 620/1172/532
f 67/220/533 304/221/533 857/1169/533 305/1166/533
f 79/318/534 621/1173/534 858/1174/534 307/1175/534
f 621/1173/535 78/227/535 607/235/535 858/1174/535
f 858/1174/536 607/235/536 65/230/536 612/1176/536
f 307/1175/537 858/1174/537 612/1176/537 74/275/537
f 81/323/538 326/322/538 859/1177/538 327/1178/538
f 326/322/539 76/217/539 325/1158/539 859/1177/539
f 859/1177/540 325/1158/540 77/1179/540 328/1180/540
f 327/1178/541 859/1177/541 328/1180/541 80/329/541
f 29/261/542 315/1181/542 860/1182/542 611/262/542
f 72/253/543 311/1183/543 860/1182/543 315/1181/543
f 56/259/544 611/262/544 860/1182/544 311/1183/544
f 65/230/545 308/1184/545 861/1185/545 612/1186/545
f 73/293/546 317/1187/546 861/1185/546 308/1184/546
f 74/275/547 612/1176/547 861/1185/547 317/1187/547
f 64/1188/548 316/1189/548 862/1190/548 314/269/548
f 72/1191/549 315/1181/549 862/1190/549 316/1189/549
f 29/261/550 314/269/550 862/1190/550 315/1181/550
f 73/293/551 609/1192/551 863/1193/551 318/1194/551
f 57/177/552 610/1195/552 863/1193/552 609/1196/552
f 72/253/553 318/1194/553 863/1193/553 610/1197/553
f 71/278/554 319/298/554 864/1198/554 309/1199/554
f 72/253/555 316/1189/555 864/1198/555 319/298/555
f 64/185/556 309/249/556 864/1198/556 316/1189/556
f 33/559/557 323/1200/557 865/1201/557 619/1202/557
f 35/1203/558 257/1204/558 865/1201/558 323/1205/558
f 75/250/559 619/1202/559 865/1201/559 257/1047/559
f 137/310/560 259/1206/560 866/1207/560 618/315/560
f 57/177/561 617/1208/561 866/1207/561 259/1051/561
f 65/230/562 618/1209/562 866/1207/562 617/1210/562
f 75/250/563 321/1211/563 867/1212/563 619/1213/563
f 64/185/564 263/1214/564 867/1212/564 321/1211/564
f 33/559/565 619/1215/565 867/1212/565 263/1216/565
f 96/344/566 336/421/566 868/1217/566 335/345/566
f 336/421/567 103/454/567 334/1218/567 868/1217/567
f 868/1217/568 334/1218/568 48/183/568 293/182/568
f 335/345/569 868/1217/569 293/182/569 50/181/569
f 77/222/570 324/1219/570 869/1220/570 328/1221/570
f 78/227/571 329/1222/571 869/1220/571 324/1223/571
f 80/1224/572 328/1225/572 869/1220/572 329/1226/572
f 82/432/573 332/1227/573 870/1228/573 333/1229/573
f 70/204/574 302/1230/574 870/1228/574 332/1231/574
f 90/211/575 333/1232/575 870/1228/575 302/1230/575
f 89/378/576 300/1233/576 871/1234/576 634/452/576
f 48/183/577 334/1218/577 871/1234/577 300/1139/577
f 103/454/578 634/1235/578 871/1234/578 334/1218/578
f 70/204/579 332/1236/579 872/1237/579 296/1148/579
f 332/1236/580 82/432/580 337/1238/580 872/1237/580
f 872/1237/581 337/1238/581 88/353/581 338/351/581
f 296/1148/582 872/1237/582 338/351/582 49/189/582
f 98/412/583 356/414/583 873/1239/583 357/1240/583
f 356/414/584 85/341/584 342/369/584 873/1239/584
f 873/1239/585 342/369/585 52/366/585 353/398/585
f 357/1240/586 873/1239/586 353/398/586 100/397/586
f 50/181/587 291/1241/587 874/1242/587 623/1243/587
f 51/362/588 340/365/588 874/1242/588 291/1068/588
f 85/341/589 623/338/589 874/1242/589 340/368/589
f 54/384/590 344/1244/590 875/1245/590 287/1246/590
f 101/393/591 345/1247/591 875/1245/591 344/1248/591
f 52/366/592 287/1249/592 875/1245/592 345/1247/592
f 90/211/593 627/1155/593 876/1250/593 628/1251/593
f 53/164/594 350/392/594 876/1250/594 627/1252/594
f 102/391/595 628/1253/595 876/1250/595 350/392/595
f 54/384/596 348/383/596 877/1254/596 344/1255/596
f 91/382/597 351/1256/597 877/1254/597 348/383/597
f 101/393/598 344/1255/598 877/1254/598 351/1257/598
f 83/376/599 346/1258/599 878/1259/599 629/1260/599
f 84/373/600 355/1261/600 878/1259/600 346/374/600
f 99/407/601 629/1260/601 878/1259/601 355/408/601
f 90/211/602 633/1262/602 879/1263/602 333/1229/602
f 633/1262/603 93/445/603 369/1264/603 879/1263/603
f 879/1263/604 369/1264/604 104/434/604 370/433/604
f 333/1229/605 879/1263/605 370/433/605 82/432/605
f 85/341/606 359/411/606 880/1265/606 630/1266/606
f 97/415/607 361/1267/607 880/1265/607 359/1268/607
f 96/344/608 630/342/608 880/1265/608 361/1267/608
f 88/353/609 337/1269/609 881/1270/609 631/1271/609
f 82/432/610 632/1272/610 881/1270/610 337/1238/610
f 95/428/611 631/1271/611 881/1270/611 632/1273/611
f 108/471/612 655/1274/612 882/1275/612 372/1276/612
f 655/1274/613 105/466/613 371/467/613 882/1275/613
f 882/1275/614 371/467/614 47/463/614 281/1277/614
f 372/1276/615 882/1275/615 281/1277/615 45/473/615
f 47/463/616 635/465/616 883/1278/616 284/1279/616
f 635/465/617 106/459/617 373/1280/617 883/1278/617
f 883/1278/618 373/1280/618 107/478/618 374/1281/618
f 284/1279/619 883/1278/619 374/1281/619 46/1282/619
f 145/1283/620 375/1284/620 884/1285/620 654/1286/620
f 375/1284/621 43/161/621 273/1287/621 884/1285/621
f 884/1285/622 273/1287/622 41/490/622 381/1288/622
f 654/1286/623 884/1285/623 381/1288/623 111/1289/623
f 44/148/624 280/1290/624 885/1291/624 636/1292/624
f 46/1099/625 374/1281/625 885/1291/625 280/1103/625
f 107/478/626 636/1293/626 885/1291/626 374/1294/626
f 43/161/627 375/1295/627 886/1296/627 637/1297/627
f 145/1283/628 376/1298/628 886/1296/628 375/1295/628
f 108/471/629 637/468/629 886/1296/629 376/1299/629
f 109/481/630 379/1300/630 887/1301/630 378/1302/630
f 379/1300/631 110/630/631 380/1303/631 887/1301/631
f 887/1301/632 380/1303/632 42/1084/632 275/1304/632
f 378/1302/633 887/1301/633 275/1304/633 44/148/633
f 136/518/634 393/1305/634 888/1306/634 394/1307/634
f 393/1305/635 134/506/635 395/531/635 888/1306/635
f 888/1306/636 395/531/636 37/142/636 251/140/636
f 394/1307/637 888/1306/637 251/140/637 68/139/637
f 112/626/638 272/1308/638 889/1309/638 382/627/638
f 42/1084/639 380/1310/639 889/1309/639 272/1311/639
f 110/630/640 382/1312/640 889/1309/640 380/1313/640
f 40/484/641 264/1069/641 890/1314/641 639/1315/641
f 38/1053/642 385/1316/642 890/1314/642 264/1317/642
f 114/667/643 639/1318/643 890/1314/643 385/1319/643
f 113/565/644 384/1320/644 891/1321/644 383/1322/644
f 39/1323/645 267/1080/645 891/1321/645 384/1324/645
f 112/626/646 383/1322/646 891/1321/646 267/1080/646
f 118/509/647 389/507/647 892/1325/647 640/1326/647
f 134/506/648 393/1327/648 892/1325/648 389/507/648
f 136/518/649 640/1326/649 892/1325/649 393/1327/649
f 136/518/650 394/1328/650 893/1329/650 641/1330/650
f 68/139/651 250/1043/651 893/1329/651 394/1331/651
f 36/522/652 641/1332/652 893/1329/652 250/1040/652
f 138/532/653 402/1333/653 894/1334/653 397/529/653
f 402/1333/654 130/1335/654 403/557/654 894/1334/654
f 894/1334/655 403/557/655 34/1336/655 253/1031/655
f 397/529/656 894/1334/656 253/1031/656 37/142/656
f 133/497/657 392/515/657 895/1337/657 399/1338/657
f 118/514/658 401/1339/658 895/1337/658 392/1340/658
f 132/535/659 399/540/659 895/1337/659 401/547/659
f 117/584/660 647/1341/660 896/1342/660 407/1343/660
f 647/1341/661 129/1344/661 406/1345/661 896/1342/661
f 896/1342/662 406/1345/662 127/683/662 489/1346/662
f 407/1343/663 896/1342/663 489/1346/663 139/577/663
f 133/497/664 400/1347/664 897/1348/664 644/1349/664
f 36/522/665 258/1350/665 897/1348/665 400/1351/665
f 35/1352/666 644/1353/666 897/1348/666 258/1354/666
f 133/497/667 644/1355/667 898/1356/667 645/1357/667
f 35/1358/668 323/1200/668 898/1356/668 644/1349/668
f 33/559/669 645/1357/669 898/1356/669 323/1205/669
f 137/310/670 479/1359/670 899/1360/670 646/1361/670
f 114/667/671 385/1362/671 899/1360/671 479/1363/671
f 38/1053/672 646/1052/672 899/1360/672 385/1364/672
f 32/1365/673 410/1366/673 900/1367/673 409/1368/673
f 410/1366/674 157/1369/674 487/1370/674 900/1367/674
f 900/1367/675 487/1370/675 154/574/675 408/573/675
f 409/1368/676 900/1367/676 408/573/676 117/572/676
f 138/532/677 386/1371/677 901/1372/677 412/1373/677
f 386/1371/678 135/502/678 411/1374/678 901/1372/678
f 901/1372/679 411/1374/679 32/581/679 648/578/679
f 412/1373/680 901/1372/680 648/578/680 139/577/680
f 32/1365/681 411/1375/681 902/1376/681 410/1377/681
f 411/1375/682 135/493/682 387/496/682 902/1376/682
f 902/1376/683 387/496/683 131/500/683 413/1378/683
f 410/1377/684 902/1376/684 413/1378/684 157/1369/684
f 123/664/685 416/1379/685 903/1380/685 415/1381/685
f 416/1379/686 119/1382/686 414/1383/686 903/1380/686
f 903/1380/687 414/1383/687 40/484/687 639/1318/687
f 415/1381/688 903/1380/688 639/1318/688 114/667/688
f 131/500/689 643/1384/689 904/1385/689 649/682/689
f 133/497/690 645/1386/690 904/1385/690 643/1384/690
f 33/559/691 649/1387/691 904/1385/691 645/1388/691
f 112/626/692 419/1389/692 905/1390/692 383/1391/692
f 419/1389/693 120/771/693 417/773/693 905/1390/693
f 905/1390/694 417/773/694 124/755/694 418/1392/694
f 383/1391/695 905/1390/695 418/1392/695 113/565/695
f 129/1344/696 420/1393/696 906/1394/696 406/1345/696
f 420/1393/697 31/1395/697 421/1396/697 906/1394/697
f 906/1394/698 421/1396/698 153/587/698 657/684/698
f 406/1345/699 906/1394/699 657/684/699 127/683/699
f 116/1397/700 424/1398/700 907/1399/700 427/1400/700
f 424/1398/701 115/1401/701 425/1402/701 907/1399/701
f 907/1399/702 425/1402/702 144/1403/702 426/1404/702
f 427/1400/703 907/1399/703 426/1404/703 142/1405/703
f 122/691/704 423/1406/704 908/1407/704 422/1408/704
f 31/1409/705 420/1410/705 908/1407/705 423/1411/705
f 129/568/706 422/1412/706 908/1407/706 420/1410/706
f 140/1413/707 432/1414/707 909/1415/707 431/1416/707
f 432/1414/708 30/1417/708 430/1418/708 909/1415/708
f 909/1415/709 430/1418/709 116/1397/709 427/1419/709
f 431/1416/710 909/1415/710 427/1419/710 142/1420/710
f 143/600/711 429/1421/711 910/1422/711 428/1423/711
f 115/1424/712 424/1425/712 910/1422/712 429/1421/712
f 116/1426/713 428/1423/713 910/1422/713 424/1427/713
f 116/1426/714 430/1428/714 911/1429/714 428/1430/714
f 430/1428/715 30/1431/715 433/1432/715 911/1429/715
f 911/1429/716 433/1432/716 141/1433/716 434/1434/716
f 428/1430/717 911/1429/717 434/1434/717 143/600/717
f 153/587/718 421/1435/718 912/1436/718 436/1437/718
f 421/1435/719 31/1395/719 435/1438/719 912/1436/719
f 912/1436/720 435/1438/720 30/1417/720 432/1414/720
f 436/1437/721 912/1436/721 432/1414/721 140/1413/721
f 30/1431/722 435/1439/722 913/1440/722 433/1432/722
f 435/1439/723 31/1409/723 423/1411/723 913/1440/723
f 913/1440/724 423/1411/724 122/691/724 437/1441/724
f 433/1432/725 913/1440/725 437/1441/725 141/1433/725
f 149/1442/726 443/1443/726 914/1444/726 451/1445/726
f 443/1443/727 152/1446/727 449/1447/727 914/1444/727
f 914/1444/728 449/1447/728 140/1413/728 431/1416/728
f 451/1445/729 914/1444/729 431/1416/729 142/1420/729
f 146/1448/730 438/1449/730 915/1450/730 650/1451/730
f 111/488/731 439/1452/731 915/1450/731 438/1449/731
f 148/643/732 650/1453/732 915/1450/732 439/1452/732
f 122/691/733 447/1454/733 916/1455/733 652/1456/733
f 121/1457/734 448/1458/734 916/1455/734 447/1459/734
f 151/1460/735 652/1461/735 916/1455/735 448/1462/735
f 153/587/736 436/1463/736 917/1464/736 651/1465/736
f 140/1466/737 449/1467/737 917/1464/737 436/1468/737
f 152/1469/738 651/1470/738 917/1464/738 449/1471/738
f 151/1472/739 450/1473/739 918/1474/739 652/1475/739
f 141/1476/740 437/1441/740 918/1474/740 450/1477/740
f 122/691/741 652/1478/741 918/1474/741 437/1479/741
f 141/1480/742 450/1481/742 919/1482/742 434/1483/742
f 450/1481/743 151/1484/743 444/1485/743 919/1482/743
f 919/1482/744 444/1485/744 150/602/744 452/1486/744
f 434/1483/745 919/1482/745 452/1486/745 143/600/745
f 148/643/746 441/1487/746 920/1488/746 453/1489/746
f 441/1487/747 149/1442/747 451/1445/747 920/1488/747
f 920/1488/748 451/1445/748 142/1420/748 426/1490/748
f 453/1489/749 920/1488/749 426/1490/749 144/1491/749
f 146/1448/750 650/1451/750 921/1492/750 455/1493/750
f 650/1451/751 148/643/751 453/1489/751 921/1492/751
f 921/1492/752 453/1489/752 144/1491/752 454/1494/752
f 455/1493/753 921/1492/753 454/1494/753 145/610/753
f 143/600/754 653/597/754 922/1495/754 456/1496/754
f 653/597/755 147/596/755 440/1497/755 922/1495/755
f 922/1495/756 440/1497/756 110/630/756 379/1498/756
f 456/1496/757 922/1495/757 379/1498/757 109/618/757
f 115/1401/758 457/1499/758 923/1500/758 425/1402/758
f 457/1499/759 106/625/759 458/623/759 923/1500/759
f 923/1500/760 458/623/760 145/610/760 454/1501/760
f 425/1402/761 923/1500/761 454/1501/761 144/1403/761
f 111/488/762 438/1502/762 924/1503/762 654/1504/762
f 146/1448/763 455/1505/763 924/1503/763 438/1506/763
f 145/610/764 654/1507/764 924/1503/764 455/1508/764
f 115/1424/765 429/1509/765 925/1510/765 457/1511/765
f 429/1509/766 143/600/766 456/1496/766 925/1510/766
f 925/1510/767 456/1496/767 109/618/767 459/617/767
f 457/1511/768 925/1510/768 459/617/768 106/616/768
f 148/643/769 439/1452/769 926/1512/769 464/1513/769
f 439/1452/770 111/488/770 461/1514/770 926/1512/770
f 926/1512/771 461/1514/771 119/1515/771 463/1516/771
f 464/1513/772 926/1512/772 463/1516/772 155/636/772
f 40/484/773 414/1383/773 927/1517/773 638/485/773
f 119/1518/774 461/1519/774 927/1517/774 414/1383/774
f 111/488/775 638/485/775 927/1517/775 461/1520/775
f 120/1521/776 462/1522/776 928/1523/776 466/1524/776
f 462/1522/777 110/630/777 440/1525/777 928/1523/777
f 928/1523/778 440/1525/778 147/650/778 465/1526/778
f 466/1524/779 928/1523/779 465/1526/779 183/647/779
f 155/636/780 684/1527/780 929/1528/780 467/1529/780
f 684/1527/781 200/594/781 445/592/781 929/1528/781
f 929/1528/782 445/592/782 152/1446/782 443/1443/782
f 467/1529/783 929/1528/783 443/1443/783 149/1442/783
f 183/647/784 468/1530/784 930/1531/784 469/1532/784
f 468/1530/785 150/1533/785 444/1534/785 930/1531/785
f 930/1531/786 444/1534/786 151/1472/786 448/1535/786
f 469/1532/787 930/1531/787 448/1535/787 121/1457/787
f 126/751/788 476/1536/788 931/1537/788 477/1538/788
f 476/1536/789 157/1369/789 471/1539/789 931/1537/789
f 931/1537/790 471/1539/790 113/565/790 418/1540/790
f 477/1538/791 931/1537/791 418/1540/791 124/755/791
f 157/1369/792 413/1378/792 932/1541/792 471/1539/792
f 131/500/793 472/677/793 932/1541/793 413/1542/793
f 113/565/794 471/1543/794 932/1541/794 472/1544/794
f 130/1335/795 480/676/795 933/1545/795 404/1546/795
f 480/676/796 156/655/796 478/672/796 933/1545/796
f 933/1545/797 478/672/797 114/667/797 479/1359/797
f 404/1546/798 933/1545/798 479/1359/798 137/310/798
f 122/691/799 482/694/799 934/1547/799 447/1548/799
f 482/694/800 154/574/800 483/1549/800 934/1547/800
f 934/1547/801 483/1549/801 128/1550/801 484/1551/801
f 447/1548/802 934/1547/802 484/1551/802 121/1457/802
f 128/1550/803 483/1552/803 935/1553/803 488/1554/803
f 483/1552/804 154/574/804 487/1555/804 935/1553/804
f 935/1553/805 487/1555/805 157/1369/805 476/1536/805
f 488/1554/806 935/1553/806 476/1536/806 126/751/806
f 161/1556/807 500/1557/807 936/1558/807 501/1559/807
f 500/1557/808 175/731/808 514/1560/808 936/1558/808
f 936/1558/809 514/1560/809 176/707/809 496/706/809
f 501/1559/810 936/1558/810 496/706/810 162/705/810
f 139/577/811 489/1346/811 937/1561/811 659/652/811
f 127/683/812 658/695/812 937/1561/812 489/1562/812
f 156/655/813 659/1563/813 937/1561/813 658/1564/813
f 164/782/814 490/1565/814 938/1566/814 661/1567/814
f 172/780/815 491/1568/815 938/1566/815 490/1565/815
f 166/742/816 661/1567/816 938/1566/816 491/1568/816
f 163/701/817 492/1569/817 939/1570/817 493/1571/817
f 165/784/818 660/1572/818 939/1570/818 492/1573/818
f 158/791/819 493/1574/819 939/1570/819 660/1575/819
f 166/742/820 494/744/820 940/1576/820 662/1577/820
f 167/710/821 495/1578/821 940/1576/821 494/744/821
f 193/716/822 662/1579/822 940/1576/822 495/713/822
f 173/795/823 509/1580/823 941/1581/823 508/1582/823
f 509/1580/824 170/760/824 504/1583/824 941/1581/824
f 941/1581/825 504/1583/825 169/1584/825 507/1585/825
f 508/1582/826 941/1581/826 507/1585/826 188/1586/826
f 175/731/827 500/1587/827 942/1588/827 663/735/827
f 161/1589/828 503/1590/828 942/1588/828 500/1591/828
f 160/722/829 663/1592/829 942/1588/829 503/1593/829
f 188/1586/830 507/1585/830 943/1594/830 543/859/830
f 507/1585/831 169/1584/831 502/1595/831 943/1594/831
f 943/1594/832 502/1595/832 168/714/832 512/1596/832
f 543/859/833 943/1594/833 512/1596/833 187/1597/833
f 171/718/834 510/1598/834 944/1599/834 664/719/834
f 174/727/835 511/730/835 944/1599/835 510/1598/835
f 160/722/836 664/1600/836 944/1599/836 511/734/836
f 166/742/837 491/1601/837 945/1602/837 515/1603/837
f 491/1601/838 172/780/838 518/1604/838 945/1602/838
f 945/1602/839 518/1604/839 184/1605/839 541/884/839
f 515/1603/840 945/1602/840 541/884/840 186/1606/840
f 167/710/841 542/1607/841 946/1608/841 499/711/841
f 187/1609/842 512/1596/842 946/1608/842 542/865/842
f 168/714/843 499/1610/843 946/1608/843 512/1611/843
f 177/888/844 517/1612/844 947/1613/844 516/1614/844
f 163/701/845 497/1615/845 947/1613/845 517/1616/845
f 176/707/846 516/878/846 947/1613/846 497/708/846
f 163/701/847 517/1617/847 948/1618/847 492/1619/847
f 517/1617/848 177/1620/848 519/1621/848 948/1618/848
f 948/1618/849 519/1621/849 178/1622/849 520/1623/849
f 492/1619/850 948/1618/850 520/1623/850 165/784/850
f 181/804/851 527/1624/851 949/1625/851 524/1626/851
f 527/1624/852 171/718/852 505/1627/852 949/1625/852
f 949/1625/853 505/1627/853 159/1628/853 528/1629/853
f 524/1626/854 949/1625/854 528/1629/854 126/1630/854
f 182/747/855 535/1631/855 950/1632/855 521/1633/855
f 535/1631/856 155/636/856 463/1634/856 950/1632/856
f 950/1632/857 463/1634/857 119/1382/857 416/1379/857
f 521/1633/858 950/1632/858 416/1379/858 123/664/858
f 178/1622/859 675/892/859 951/1635/859 673/1636/859
f 675/892/860 190/849/860 545/852/860 951/1635/860
f 951/1635/861 545/852/861 185/799/861 669/1637/861
f 673/1636/862 951/1635/862 669/1637/862 179/808/862
f 180/820/863 533/1638/863 952/1639/863 540/835/863
f 182/764/864 668/1640/864 952/1639/864 533/1641/864
f 173/795/865 540/1642/865 952/1639/865 668/1643/865
f 185/799/866 532/1644/866 953/1645/866 669/1646/866
f 181/804/867 534/811/867 953/1645/867 532/1647/867
f 179/808/868 669/1637/868 953/1645/868 534/1648/868
f 155/776/869 535/1649/869 954/1650/869 670/1651/869
f 182/764/870 533/1641/870 954/1650/870 535/1649/870
f 180/820/871 670/1652/871 954/1650/871 533/1641/871
f 155/776/872 670/1651/872 955/1653/872 666/1654/872
f 180/820/873 538/1655/873 955/1653/873 670/1656/873
f 172/780/874 666/1657/874 955/1653/874 538/827/874
f 179/808/875 539/813/875 956/1658/875 673/1659/875
f 165/784/876 520/1623/876 956/1658/876 539/1660/876
f 178/1661/877 673/1636/877 956/1658/877 520/1662/877
f 174/727/878 510/1663/878 957/1664/878 674/1665/878
f 171/718/879 667/1666/879 957/1664/879 510/1663/879
f 185/799/880 674/853/880 957/1664/880 667/800/880
f 198/964/881 555/1667/881 958/1668/881 554/1669/881
f 555/1667/882 196/1670/882 553/1671/882 958/1668/882
f 958/1668/883 553/1671/883 169/1672/883 504/1673/883
f 554/1669/884 958/1668/884 504/1673/884 170/760/884
f 190/849/885 677/1674/885 959/1675/885 548/1676/885
f 175/731/886 513/1677/886 959/1675/886 677/1678/886
f 174/727/887 548/1679/887 959/1675/887 513/1680/887
f 190/849/888 551/1681/888 960/1682/888 677/1683/888
f 176/707/889 514/1684/889 960/1682/889 551/1685/889
f 175/731/890 677/1686/890 960/1682/890 514/1560/890
f 160/722/891 558/1687/891 961/1688/891 506/1689/891
f 558/1687/892 197/1690/892 556/1691/892 961/1688/892
f 961/1688/893 556/1691/893 199/1692/893 557/1693/893
f 506/1689/894 961/1688/894 557/1693/894 159/1628/894
f 196/1670/895 560/1694/895 962/1695/895 553/1671/895
f 560/1694/896 194/1696/896 559/1697/896 962/1695/896
f 962/1695/897 559/1697/897 168/714/897 502/1698/897
f 553/1671/898 962/1695/898 502/1698/898 169/1672/898
f 161/1699/899 562/901/899 963/1700/899 503/1701/899
f 562/901/900 195/900/900 561/1702/900 963/1700/900
f 963/1700/901 561/1702/901 197/1690/901 558/1687/901
f 503/1701/902 963/1700/902 558/1687/902 160/722/902
f 200/960/903 569/1703/903 964/1704/903 573/1705/903
f 569/1703/904 192/906/904 572/1706/904 964/1704/904
f 964/1704/905 572/1706/905 196/1670/905 555/1667/905
f 573/1705/906 964/1704/906 555/1667/906 198/964/906
f 168/714/907 559/1707/907 965/1708/907 679/715/907
f 194/945/908 563/1709/908 965/1708/908 559/1697/908
f 193/716/909 679/715/909 965/1708/909 563/947/909
f 162/705/910 498/1710/910 966/1711/910 680/953/910
f 163/1712/911 681/1713/911 966/1711/911 498/1714/911
f 191/924/912 680/953/912 966/1711/912 681/1715/912
f 163/1712/913 493/1716/913 967/1717/913 681/1718/913
f 158/918/914 568/1719/914 967/1717/914 493/1716/914
f 191/924/915 681/1720/915 967/1717/915 568/1719/915
f 164/915/916 567/1721/916 968/1722/916 682/1723/916
f 192/906/917 569/1724/917 968/1722/917 567/1725/917
f 200/960/918 682/1723/918 968/1722/918 569/1703/918
f 121/922/919 685/970/919 969/1726/919 570/923/919
f 685/970/920 199/1727/920 556/1728/920 969/1726/920
f 969/1726/921 556/1728/921 197/1729/921 574/1730/921
f 570/923/922 969/1726/922 574/1730/922 191/924/922
f 198/964/923 554/1731/923 970/1732/923 576/965/923
f 554/1731/924 170/760/924 525/763/924 970/1732/924
f 970/1732/925 525/763/925 125/767/925 486/1733/925
f 576/965/926 970/1732/926 486/1733/926 127/966/926
f 155/1734/927 529/1735/927 971/1736/927 684/1737/927
f 164/915/928 682/1738/928 971/1736/928 529/1739/928
f 200/960/929 684/1740/929 971/1736/929 682/1738/929
f 126/1630/930 528/1629/930 972/1741/930 488/1742/930
f 528/1629/931 159/1628/931 557/1743/931 972/1741/931
f 972/1741/932 557/1743/932 199/1692/932 577/972/932
f 488/1742/933 972/1741/933 577/972/933 128/975/933
